-- Adminer 3.6.1 MySQL dump

SET NAMES utf8;
SET foreign_key_checks = 0;
SET time_zone = 'SYSTEM';
SET sql_mode = 'NO_AUTO_VALUE_ON_ZERO';

DROP TABLE IF EXISTS `adjuntos`;
CREATE TABLE `adjuntos` (
  `id` int(11) NOT NULL AUTO_INCREMENT COMMENT 'Identifica de forma única el registro.',
  `nombre_documento` varchar(255) NOT NULL COMMENT 'Identifica nombre doc',
  `fecha_documento` date DEFAULT NULL COMMENT 'Fecha del intento.',
  `autor_documento` varchar(255) DEFAULT NULL COMMENT 'autor',
  `base64` text COMMENT 'documento',
  `extension` varchar(100) DEFAULT NULL COMMENT 'extension',
  `ruta` varchar(255) DEFAULT NULL,
  `xml_id` int(11) DEFAULT NULL,
  `origen` enum('documentos_anexos','documentos_anexos_causas','documentos_anexos_ralf5') DEFAULT NULL,
  PRIMARY KEY (`id`),
  KEY `documento_anexo_fk` (`id`),
  KEY `xml_id` (`xml_id`),
  CONSTRAINT `adjuntos_ibfk_1` FOREIGN KEY (`xml_id`) REFERENCES `xml` (`XML_ID`)
) ENGINE=InnoDB DEFAULT CHARSET=utf8 COMMENT='Registra doc adjuntos';


DROP TABLE IF EXISTS `caso`;
CREATE TABLE `caso` (
  `CASO_ID` int(11) NOT NULL AUTO_INCREMENT COMMENT 'Identifica de forma única el registro.',
  `CASO_DTT_CREAC` timestamp NOT NULL DEFAULT CURRENT_TIMESTAMP COMMENT 'Fecha y hora de creación.',
  `CASO_DTT_CREAC_EDENUNCIA` timestamp NULL DEFAULT NULL COMMENT 'Fecha de creación del caso en e-denuncia',
  `CASO_CUN` varchar(30) COLLATE latin1_general_ci DEFAULT NULL COMMENT 'Corresponde al identificador del caso en SUSESO.',
  `CASO_TIPO_EVENTO` varchar(1) COLLATE latin1_general_ci DEFAULT NULL COMMENT 'Corresponde al tipo de Evento del caso definido en dominio_tipo_evento.',
  `TRA_ID` int(11) DEFAULT NULL COMMENT 'Trabajador asociado al caso (tablas nuevas).',
  `EMP_ID` int(11) DEFAULT NULL COMMENT 'Empleador asociado al caso (tablas nuevas).',
  `REGION_ID` int(11) DEFAULT NULL,
  `ESTADO` enum('activo','inactivo') CHARACTER SET utf8 DEFAULT NULL,
  PRIMARY KEY (`CASO_ID`),
  UNIQUE KEY `CASO_ID` (`CASO_ID`),
  KEY `dominio_tipo_evento_caso_fk` (`CASO_TIPO_EVENTO`),
  KEY `info_trabajador_caso_fk` (`TRA_ID`),
  KEY `info_empleador_caso_fk` (`EMP_ID`),
  KEY `REGION_ID` (`REGION_ID`),
  CONSTRAINT `caso_ibfk_1` FOREIGN KEY (`REGION_ID`) REFERENCES `region` (`id`)
) ENGINE=InnoDB DEFAULT CHARSET=latin1 COLLATE=latin1_general_ci COMMENT='Tabla que almacena los casos creados.';


DROP TABLE IF EXISTS `comentarios`;
CREATE TABLE `comentarios` (
  `id` int(11) NOT NULL AUTO_INCREMENT COMMENT 'Identifica de forma única el registro.',
  `observacion` text NOT NULL COMMENT 'detalle de comentario',
  `user_id` int(11) unsigned NOT NULL,
  `xml_id` int(11) NOT NULL,
  `tipo` enum('comentario_admin','error_suseso') NOT NULL,
  PRIMARY KEY (`id`),
  KEY `user_id` (`user_id`),
  KEY `xml_id` (`xml_id`),
  CONSTRAINT `comentarios_ibfk_1` FOREIGN KEY (`user_id`) REFERENCES `users` (`id`),
  CONSTRAINT `comentarios_ibfk_2` FOREIGN KEY (`xml_id`) REFERENCES `xml` (`XML_ID`)
) ENGINE=InnoDB DEFAULT CHARSET=utf8 COMMENT='Registra comentarios de admin a documentos';


DROP TABLE IF EXISTS `comuna`;
CREATE TABLE `comuna` (
  `id` varchar(5) NOT NULL COMMENT 'Corresponde al código identificador de la comuna.',
  `region_id` int(11) DEFAULT NULL COMMENT 'Corresponde a la región donde pertenece la comuna.',
  `nombre` varchar(50) DEFAULT NULL COMMENT 'Corresponde al nombre de la comuna.',
  PRIMARY KEY (`id`),
  UNIQUE KEY `id` (`id`),
  KEY `region_id` (`region_id`),
  CONSTRAINT `comuna_ibfk_1` FOREIGN KEY (`region_id`) REFERENCES `region` (`id`)
) ENGINE=InnoDB DEFAULT CHARSET=utf8 COMMENT='Tabla que almacena las comunas.';

INSERT INTO `comuna` (`id`, `region_id`, `nombre`) VALUES
('01101', 1,  'IQUIQUE'),
('01107', 1,  'ALTO HOSPICIO'),
('01401', 1,  'POZO ALMONTE'),
('01402', 1,  'CAMINA'),
('01403', 1,  'COLCHANE'),
('01404', 1,  'HUARA'),
('01405', 1,  'PICA'),
('02101', 2,  'ANTOFAGASTA'),
('02102', 2,  'MEJILLONES'),
('02103', 2,  'SIERRA GORDA'),
('02104', 2,  'TALTAL'),
('02201', 2,  'CALAMA'),
('02202', 2,  'OLLAGUE'),
('02203', 2,  'SAN PEDRO DE ATACAMA'),
('02301', 2,  'TOCOPILLA'),
('02302', 2,  'MARIA ELENA'),
('03101', 3,  'COPIAPO'),
('03102', 3,  'CALDERA'),
('03103', 3,  'TIERRA AMARILLA'),
('03201', 3,  'CHANARAL'),
('03202', 3,  'DIEGO DE ALMAGRO'),
('03301', 3,  'VALLENAR'),
('03302', 3,  'ALTO DEL CARMEN'),
('03303', 3,  'FREIRINA'),
('03304', 3,  'HUASCO'),
('04101', 4,  'LA SERENA'),
('04102', 4,  'COQUIMBO'),
('04103', 4,  'ANDACOLLO '),
('04104', 4,  'LA HIGUERA'),
('04105', 4,  'PAIGUANO'),
('04106', 4,  'VICUNA'),
('04201', 4,  'ILLAPEL'),
('04202', 4,  'CANELA'),
('04203', 4,  'LOS VILOS'),
('04204', 4,  'SALAMANCA'),
('04301', 4,  'OVALLE'),
('04302', 4,  'COMBARBALA'),
('04303', 4,  'MONTE PATRIA'),
('04304', 4,  'PUNITAQUI'),
('04305', 4,  'RIO HURTADO'),
('05101', 5,  'VALPARAISO'),
('05102', 5,  'CASABLANCA'),
('05103', 5,  'CONCON'),
('05104', 5,  'JUAN FERNANDEZ'),
('05105', 5,  'PUCHUNCAVI'),
('05106', 5,  'QUILPUE'),
('05107', 5,  'QUINTERO'),
('05108', 5,  'VILLA ALEMANA'),
('05109', 5,  'VINA DEL MAR'),
('05201', 5,  'ISLA DE PASCUA'),
('05301', 5,  'LOS ANDES'),
('05302', 5,  'CALLE LARGA'),
('05303', 5,  'RINCONADA'),
('05304', 5,  'SAN ESTEBAN'),
('05401', 5,  'LA LIGUA'),
('05402', 5,  'CABILDO'),
('05403', 5,  'PAPUDO'),
('05404', 5,  'PETORCA'),
('05405', 5,  'ZAPALLAR'),
('05501', 5,  'QUILLOTA'),
('05502', 5,  'CALERA'),
('05503', 5,  'HIJUELAS'),
('05504', 5,  'LA CRUZ'),
('05505', 5,  'LIMACHE'),
('05506', 5,  'NOGALES'),
('05507', 5,  'OLMUE'),
('05601', 5,  'SAN ANTONIO'),
('05602', 5,  'ALGARROBO'),
('05603', 5,  'CARTAGENA'),
('05604', 5,  'EL QUISCO'),
('05605', 5,  'EL TABO'),
('05606', 5,  'SANTO DOMINGO'),
('05701', 5,  'SAN FELIPE'),
('05702', 5,  'CATEMU'),
('05703', 5,  'LLAILLAY'),
('05704', 5,  'PANQUEHUE'),
('05705', 5,  'PUTAENDO'),
('05706', 5,  'SANTA MARIA'),
('05801', 5,  'QUILPUE'),
('05802', 5,  'LIMACHE'),
('05803', 5,  'OLMUE'),
('05804', 5,  'VILLA ALEMANA'),
('06101', 6,  'RANCAGUA'),
('06102', 6,  'CODEGUA'),
('06103', 6,  'COINCO'),
('06104', 6,  'COLTAUCO'),
('06105', 6,  'DONIHUE'),
('06106', 6,  'GRANEROS'),
('06107', 6,  'LAS CABRAS'),
('06108', 6,  'MACHALI'),
('06109', 6,  'MALLOA'),
('06110', 6,  'MOSTAZAL'),
('06111', 6,  'OLIVAR'),
('06112', 6,  'PEUMO'),
('06113', 6,  'PICHIDEGUA'),
('06114', 6,  'QUINTA DE TILCOCO'),
('06115', 6,  'RENGO'),
('06116', 6,  'REQUINOA'),
('06117', 6,  'SAN VICENTE'),
('06201', 6,  'PICHILEMU'),
('06202', 6,  'LA ESTRELLA'),
('06203', 6,  'LITUECHE'),
('06204', 6,  'MARCHIHUE'),
('06205', 6,  'NAVIDAD'),
('06206', 6,  'PAREDONES'),
('06301', 6,  'SAN FERNANDO'),
('06302', 6,  'CHEPICA'),
('06303', 6,  'CHIMBARONGO'),
('06304', 6,  'LOLOL'),
('06305', 6,  'NANCAGUA'),
('06306', 6,  'PALMILLA'),
('06307', 6,  'PERALILLO'),
('06308', 6,  'PLACILLA'),
('06309', 6,  'PUMANQUE'),
('06310', 6,  'SANTA CRUZ'),
('07101', 7,  'TALCA'),
('07102', 7,  'CONSTITUCION'),
('07103', 7,  'CUREPTO'),
('07104', 7,  'EMPEDRADO'),
('07105', 7,  'MAULE'),
('07106', 7,  'PELARCO'),
('07107', 7,  'PENCAHUE'),
('07108', 7,  'RIO CLARO'),
('07109', 7,  'SAN CLEMENTE'),
('07110', 7,  'SAN RAFAEL'),
('07201', 7,  'CAUQUENES'),
('07202', 7,  'CHANCO'),
('07203', 7,  'PELLUHUE'),
('07301', 7,  'CURICO'),
('07302', 7,  'HUALANE'),
('07303', 7,  'LICANTEN'),
('07304', 7,  'MOLINA'),
('07305', 7,  'RAUCO'),
('07306', 7,  'ROMERAL'),
('07307', 7,  'SAGRADA FAMILIA'),
('07308', 7,  'TENO'),
('07309', 7,  'VICHUQUEN'),
('07401', 7,  'LINARES'),
('07402', 7,  'COLBUN'),
('07403', 7,  'LONGAVI'),
('07404', 7,  'PARRAL'),
('07405', 7,  'RETIRO'),
('07406', 7,  'SAN JAVIER'),
('07407', 7,  'VILLA ALEGRE'),
('07408', 7,  'YERBAS BUENAS'),
('08101', 8,  'CONCEPCION'),
('08102', 8,  'CORONEL'),
('08103', 8,  'CHIGUAYANTE'),
('08104', 8,  'FLORIDA'),
('08105', 8,  'HUALQUI'),
('08106', 8,  'LOTA'),
('08107', 8,  'PENCO'),
('08108', 8,  'SAN PEDRO DE LA PAZ'),
('08109', 8,  'SANTA JUANA'),
('08110', 8,  'TALCAHUANO'),
('08111', 8,  'TOME'),
('08112', 8,  'HUALPEN'),
('08201', 8,  'LEBU'),
('08202', 8,  'ARAUCO'),
('08203', 8,  'CANETE'),
('08204', 8,  'CONTULMO'),
('08205', 8,  'CURANILAHUE'),
('08206', 8,  'LOS ALAMOS'),
('08207', 8,  'TIRUA'),
('08301', 8,  'LOS ANGELES'),
('08302', 8,  'ANTUCO'),
('08303', 8,  'CABRERO'),
('08304', 8,  'LAJA'),
('08305', 8,  'MULCHEN'),
('08306', 8,  'NACIMIENTO'),
('08307', 8,  'NEGRETE'),
('08308', 8,  'QUILACO'),
('08309', 8,  'QUILLECO'),
('08310', 8,  'SAN ROSENDO'),
('08311', 8,  'SANTA BARBARA'),
('08312', 8,  'TUCAPEL'),
('08313', 8,  'YUMBEL'),
('08314', 8,  'ALTO BIOBIO'),
('08401', 8,  'CHILLAN'),
('08402', 8,  'BULNES'),
('08403', 8,  'COBQUECURA'),
('08404', 8,  'COELEMU'),
('08405', 8,  'COIHUECO'),
('08406', 8,  'CHILLAN VIEJO'),
('08407', 8,  'EL CARMEN'),
('08408', 8,  'NINHUE'),
('08409', 8,  'NIQUEN'),
('08410', 8,  'PEMUCO'),
('08411', 8,  'PINTO'),
('08412', 8,  'PORTEZUELO'),
('08413', 8,  'QUILLON'),
('08414', 8,  'QUIRIHUE'),
('08415', 8,  'RANQUIL'),
('08416', 8,  'SAN CARLOS'),
('08417', 8,  'SAN FABIAN'),
('08418', 8,  'SAN IGNACIO'),
('08419', 8,  'SAN NICOLAS'),
('08420', 8,  'TREGUACO'),
('08421', 8,  'YUNGAY'),
('09101', 9,  'TEMUCO'),
('09102', 9,  'CARAHUE'),
('09103', 9,  'CUNCO'),
('09104', 9,  'CURARREHUE'),
('09105', 9,  'FREIRE'),
('09106', 9,  'GALVARINO'),
('09107', 9,  'GORBEA'),
('09108', 9,  'LAUTARO'),
('09109', 9,  'LONCOCHE'),
('09110', 9,  'MELIPEUCO'),
('09111', 9,  'NUEVA IMPERIAL'),
('09112', 9,  'PADRE LAS CASAS'),
('09113', 9,  'PERQUENCO'),
('09114', 9,  'PITRUFQUEN'),
('09115', 9,  'PUCON'),
('09116', 9,  'SAAVEDRA'),
('09117', 9,  'TEODORO SCHMIDT'),
('09118', 9,  'TOLTEN'),
('09119', 9,  'VILCUN'),
('09120', 9,  'VILLARRICA'),
('09121', 9,  'CHOLCHOL'),
('09201', 9,  'ANGOL'),
('09202', 9,  'COLLIPULLI'),
('09203', 9,  'CURACAUTIN'),
('09204', 9,  'ERCILLA'),
('09205', 9,  'LONQUIMAY'),
('09206', 9,  'LOS SAUCES'),
('09207', 9,  'LUMACO'),
('09208', 9,  'PUREN'),
('09209', 9,  'RENAICO'),
('09210', 9,  'TRAIGUEN'),
('09211', 9,  'VICTORIA'),
('10101', 10, 'PUERTO MONTT'),
('10102', 10, 'CALBUCO'),
('10103', 10, 'COCHAMO'),
('10104', 10, 'FRESIA'),
('10105', 10, 'FRUTILLAR'),
('10106', 10, 'LOS MUERMOS'),
('10107', 10, 'LLANQUIHUE'),
('10108', 10, 'MAULLIN'),
('10109', 10, 'PUERTO VARAS'),
('10201', 10, 'CASTRO'),
('10202', 10, 'ANCUD'),
('10203', 10, 'CHONCHI'),
('10204', 10, 'CURACO DE VELEZ'),
('10205', 10, 'DALCAHUE'),
('10206', 10, 'PUQUELDON'),
('10207', 10, 'QUEILEN'),
('10208', 10, 'QUELLON'),
('10209', 10, 'QUEMCHI'),
('10210', 10, 'QUINCHAO'),
('10301', 10, 'OSORNO'),
('10302', 10, 'PUERTO OCTAY'),
('10303', 10, 'PURRANQUE'),
('10304', 10, 'PUYEHUE'),
('10305', 10, 'RIO NEGRO'),
('10306', 10, 'SAN JUAN DE LA COSTA'),
('10307', 10, 'SAN PABLO'),
('10401', 10, 'CHAITEN'),
('10402', 10, 'FUTALEUFU'),
('10403', 10, 'HUALAIHUE'),
('10404', 10, 'PALENA'),
('11101', 11, 'COIHAIQUE'),
('11102', 11, 'LAGO VERDE'),
('11201', 11, 'AISEN'),
('11202', 11, 'CISNES'),
('11203', 11, 'GUAITECAS'),
('11301', 11, 'COCHRANE'),
('11302', 11, 'OHIGGINS'),
('11303', 11, 'TORTEL'),
('11401', 11, 'CHILE CHICO'),
('11402', 11, 'RIO IBANEZ'),
('12101', 12, 'PUNTA ARENAS'),
('12102', 12, 'LAGUNA BLANCA'),
('12103', 12, 'RIO VERDE'),
('12104', 12, 'SAN GREGORIO'),
('12201', 12, 'CABO DE HORNOS (EX-NAVARINO)'),
('12202', 12, 'ANTARTICA'),
('12301', 12, 'PORVENIR'),
('12302', 12, 'PRIMAVERA'),
('12303', 12, 'TIMAUKEL'),
('12401', 12, 'NATALES'),
('12402', 12, 'TORRES DEL PAINE'),
('13101', 13, 'SANTIAGO'),
('13102', 13, 'CERRILLOS'),
('13103', 13, 'CERRO NAVIA'),
('13104', 13, 'CONCHALI'),
('13105', 13, 'EL BOSQUE'),
('13106', 13, 'ESTACION CENTRAL'),
('13107', 13, 'HUECHURABA'),
('13108', 13, 'INDEPENDENCIA'),
('13109', 13, 'LA CISTERNA'),
('13110', 13, 'LA FLORIDA'),
('13111', 13, 'LA GRANJA'),
('13112', 13, 'LA PINTANA'),
('13113', 13, 'LA REINA'),
('13114', 13, 'LAS CONDES'),
('13115', 13, 'LO BARNECHEA'),
('13116', 13, 'LO ESPEJO'),
('13117', 13, 'LO PRADO'),
('13118', 13, 'MACUL'),
('13119', 13, 'MAIPU'),
('13120', 13, 'NUNOA'),
('13121', 13, 'PEDRO AGUIRRE CERDA'),
('13122', 13, 'PENALOLEN'),
('13123', 13, 'PROVIDENCIA'),
('13124', 13, 'PUDAHUEL'),
('13125', 13, 'QUILICURA'),
('13126', 13, 'QUINTA NORMAL'),
('13127', 13, 'RECOLETA'),
('13128', 13, 'RENCA'),
('13129', 13, 'SAN JOAQUIN'),
('13130', 13, 'SAN MIGUEL'),
('13131', 13, 'SAN RAMON'),
('13132', 13, 'VITACURA'),
('13201', 13, 'PUENTE ALTO'),
('13202', 13, 'PIRQUE'),
('13203', 13, 'SAN JOSE DE MAIPO'),
('13301', 13, 'COLINA'),
('13302', 13, 'LAMPA'),
('13303', 13, 'TILTIL'),
('13401', 13, 'SAN BERNARDO'),
('13402', 13, 'BUIN'),
('13403', 13, 'CALERA DE TANGO'),
('13404', 13, 'PAINE'),
('13501', 13, 'MELIPILLA'),
('13502', 13, 'ALHUE'),
('13503', 13, 'CURACAVI'),
('13504', 13, 'MARIA PINTO'),
('13505', 13, 'SAN PEDRO'),
('13601', 13, 'TALAGANTE'),
('13602', 13, 'EL MONTE'),
('13603', 13, 'ISLA DE MAIPO'),
('13604', 13, 'PADRE HURTADO'),
('13605', 13, 'PENAFLOR'),
('14101', 14, 'VALDIVIA'),
('14102', 14, 'CORRAL'),
('14103', 14, 'LANCO'),
('14104', 14, 'LOS LAGOS'),
('14105', 14, 'MAFIL'),
('14106', 14, 'MARIQUINA'),
('14107', 14, 'PAILLACO'),
('14108', 14, 'PANGUIPULLI'),
('14201', 14, 'LA UNION'),
('14202', 14, 'FUTRONO'),
('14203', 14, 'LAGO RANCO'),
('14204', 14, 'RIO BUENO'),
('15101', 15, 'ARICA'),
('15102', 15, 'CAMARONES'),
('15201', 15, 'PUTRE'),
('15202', 15, 'GENERAL LAGOS');

DROP TABLE IF EXISTS `cumplimiento_medida`;
CREATE TABLE `cumplimiento_medida` (
  `id` int(11) NOT NULL AUTO_INCREMENT COMMENT 'Identifica de forma única el registro.',
  `medida_id` varchar(255) NOT NULL,
  `medida` varchar(255) NOT NULL,
  `medida_implementada` varchar(255) NOT NULL,
  `ampliacion_plazo` varchar(255) NOT NULL,
  `nueva_fecha_ampliacion_plazo` varchar(255) NOT NULL,
  `observaciones` varchar(255) NOT NULL,
  `xml_id` int(11) DEFAULT NULL,
  PRIMARY KEY (`id`),
  KEY `medida` (`medida`),
  KEY `xml_id` (`xml_id`),
  CONSTRAINT `cumplimiento_medida_ibfk_2` FOREIGN KEY (`xml_id`) REFERENCES `xml` (`XML_ID`)
) ENGINE=InnoDB DEFAULT CHARSET=utf8 COMMENT='Medidas ralf4';


DROP TABLE IF EXISTS `empleador`;
CREATE TABLE `empleador` (
  `emp_id` int(11) NOT NULL AUTO_INCREMENT COMMENT 'Identifica unívocamente este registro.',
  `fuente_informacion` enum('denuncia','tabla_perm') DEFAULT NULL COMMENT 'Fuente de la información de este registro.',
  `rut_empleador` varchar(15) DEFAULT NULL COMMENT 'Rut del empleador.',
  `nombre_empleador` varchar(100) DEFAULT NULL COMMENT 'Nombre del empleador.',
  `tipo_calle` int(11) DEFAULT NULL COMMENT 'Tipo de calle de la dirección del empleador.',
  `nombre_calle` varchar(100) DEFAULT NULL COMMENT 'Nombre de calle de la dirección del empleador.',
  `numero` varchar(10) DEFAULT NULL COMMENT 'Número de la dirección del empleador.',
  `resto_direccion` varchar(100) DEFAULT NULL COMMENT 'Resto de la dirección del empleador.',
  `localidad` varchar(100) DEFAULT NULL COMMENT 'Localidad de la dirección del empleador.',
  `comuna` varchar(10) DEFAULT NULL COMMENT 'Comuna de la dirección del empleador.',
  `ciiu_empleador` varchar(10) DEFAULT NULL COMMENT 'Código de actividad del empleador.',
  `ciiu_texto` varchar(100) DEFAULT NULL COMMENT 'Texto de la actividad del empleador.',
  `n_trabajadores` varchar(10) DEFAULT NULL COMMENT 'Número de trabajadores total.',
  `n_trabajadores_hombre` varchar(10) DEFAULT NULL COMMENT 'Número de trabajadores hombre.',
  `n_trabajadores_mujer` varchar(10) DEFAULT NULL COMMENT 'Número de trabajadores mujer.',
  `tipo_empresa` int(11) DEFAULT NULL COMMENT 'Tipo de empresa.',
  `ciiu2_empleador` varchar(10) DEFAULT NULL COMMENT 'Código de actividad secundario del empleador.',
  `ciiu2_texto` varchar(100) DEFAULT NULL COMMENT 'Texto de actividad secundario del empleador.',
  `propiedad_empresa` int(11) DEFAULT NULL COMMENT 'Tipo de propiedad de la empresa.',
  `cod_pais` varchar(10) DEFAULT NULL COMMENT 'Código del país del empleador.',
  `cod_area` varchar(10) DEFAULT NULL COMMENT 'Código de área del teléfono del empleador.',
  `numero_telefono` varchar(15) DEFAULT NULL COMMENT 'Número de teléfono del empleador.',
  PRIMARY KEY (`emp_id`)
) ENGINE=InnoDB DEFAULT CHARSET=utf8 COMMENT='Datos de empleador asociados al caso.';


DROP TABLE IF EXISTS `estado_xml`;
CREATE TABLE `estado_xml` (
  `ESTADO_ID` varchar(1) NOT NULL COMMENT 'Código del estado del documento.',
  `DESCRIPCION` varchar(255) NOT NULL COMMENT 'Descripción del estado del documento.',
  PRIMARY KEY (`ESTADO_ID`)
) ENGINE=InnoDB DEFAULT CHARSET=utf8 COMMENT='Dominio: estado de un documento electrónico xml.';

INSERT INTO `estado_xml` (`ESTADO_ID`, `DESCRIPCION`) VALUES
('1', 'Enviado a SUSESO'),
('2', 'Pendiente de Envio a SUSESO'),
('3', 'Anulado'),
('4', 'Construyendo RECA'),
('5', 'Incompleto'),
('6', 'Esperando validación Admin');

DROP TABLE IF EXISTS `intento_envios`;
CREATE TABLE `intento_envios` (
  `INTENTO_ID` int(11) NOT NULL AUTO_INCREMENT COMMENT 'Identifica de forma única el registro.',
  `XML_ID` int(11) NOT NULL COMMENT 'Identifica el documento XML que se intentó enviar.',
  `FECHA` timestamp NOT NULL DEFAULT CURRENT_TIMESTAMP COMMENT 'Fecha del intento.',
  `codigo_retorno` varchar(11) DEFAULT NULL COMMENT 'Código retornado por SUSESO.',
  `retorno_completo` text COMMENT 'Texto completo retornado por SUSESO.',
  PRIMARY KEY (`INTENTO_ID`),
  KEY `intento-envios_xml_fk` (`XML_ID`),
  CONSTRAINT `intento?envios_xml_fk` FOREIGN KEY (`XML_ID`) REFERENCES `xml` (`XML_ID`)
) ENGINE=InnoDB DEFAULT CHARSET=utf8 COMMENT='Registra los intentos de envío de documentos XML a SUSESO.';


DROP TABLE IF EXISTS `medidas`;
CREATE TABLE `medidas` (
  `id` int(11) NOT NULL AUTO_INCREMENT COMMENT 'Identifica de forma única el registro.',
  `medida` text COMMENT 'medida',
  `origen` enum('medidas_no_implementadas','medidas_no_implementadas_plazo_ampliado','medidas_ralf2') DEFAULT NULL,
  `xml_id` int(11) DEFAULT NULL,
  PRIMARY KEY (`id`),
  KEY `xml_id` (`xml_id`),
  CONSTRAINT `medidas_ibfk_1` FOREIGN KEY (`xml_id`) REFERENCES `xml` (`XML_ID`)
) ENGINE=InnoDB DEFAULT CHARSET=utf8 COMMENT='Medidas ralf5';


DROP TABLE IF EXISTS `ralf1`;
CREATE TABLE `ralf1` (
  `id` int(11) NOT NULL AUTO_INCREMENT,
  `rut_representante_legal` varchar(255) DEFAULT NULL,
  `nombre_representante_legal` varchar(255) DEFAULT NULL,
  `tasa_ds110` varchar(255) DEFAULT NULL,
  `tasa_ds67` varchar(255) DEFAULT NULL,
  `ultima_eval_ds67` varchar(255) DEFAULT NULL,
  `nro_sucursales` varchar(255) DEFAULT NULL,
  `promedio_anual_trabajadores` varchar(255) DEFAULT NULL,
  `fecha_accidente` varchar(255) DEFAULT NULL,
  `hora_accidente` varchar(255) DEFAULT NULL,
  `tipo_calle` varchar(255) DEFAULT NULL,
  `nombre_calle` varchar(255) DEFAULT NULL,
  `numero` varchar(255) DEFAULT NULL,
  `resto_direccion` varchar(255) DEFAULT NULL,
  `localidad` varchar(255) DEFAULT NULL,
  `comuna` varchar(255) DEFAULT NULL,
  `criterio_gravedad` varchar(255) DEFAULT NULL,
  `fecha_defuncion` varchar(255) DEFAULT NULL,
  `lugar_defuncion` varchar(255) DEFAULT NULL,
  `lugar_defuncion_otro` varchar(255) DEFAULT NULL,  
  `descripcion_accidente_ini` varchar(255) DEFAULT NULL,
  `apellido_paterno` varchar(255) DEFAULT NULL,
  `apellido_materno` varchar(255) DEFAULT NULL,
  `nombres` varchar(255) DEFAULT NULL,
  `rut` varchar(255) DEFAULT NULL,
  `cod_area` varchar(255) DEFAULT NULL,
  `telefono_informante_oa` varchar(255) DEFAULT NULL,
  `correo_electronico_informante_oa` varchar(255) DEFAULT NULL,
  `xml_id` int(11) DEFAULT NULL,
  PRIMARY KEY (`id`),
  KEY `xml_id` (`xml_id`),
  CONSTRAINT `ralf1_ibfk_1` FOREIGN KEY (`xml_id`) REFERENCES `xml` (`XML_ID`)
) ENGINE=InnoDB DEFAULT CHARSET=utf8 COMMENT='Registra datos ralf';


DROP TABLE IF EXISTS `ralf2`;
CREATE TABLE `ralf2` (
  `id` int(11) NOT NULL AUTO_INCREMENT,
  `medida` varchar(255) DEFAULT NULL,
  `fecha_notificacion_medidas_inmediatas` varchar(255) DEFAULT NULL,
  `apellido_paterno` varchar(255) DEFAULT NULL,
  `apellido_materno` varchar(255) DEFAULT NULL,
  `nombres` varchar(255) DEFAULT NULL,
  `rut` varchar(255) DEFAULT NULL,
  `cod_area` varchar(255) DEFAULT NULL,
  `numero` varchar(255) DEFAULT NULL,
  `xml_id` int(11) DEFAULT NULL,
  PRIMARY KEY (`id`),
  KEY `xml_id` (`xml_id`),
  CONSTRAINT `ralf2_ibfk_1` FOREIGN KEY (`xml_id`) REFERENCES `xml` (`XML_ID`)
) ENGINE=InnoDB DEFAULT CHARSET=utf8 COMMENT='Registra datos ralf2';


DROP TABLE IF EXISTS `ralf3`;
CREATE TABLE `ralf3` (
  `id` int(11) NOT NULL AUTO_INCREMENT,
  `fecha_inicio_investigacion_acc` varchar(255) DEFAULT NULL,
  `fecha_termino_investigacion_acc` varchar(255) DEFAULT NULL,
  `hora_ingreso` varchar(255) DEFAULT NULL,
  `hora_salida` varchar(255) DEFAULT NULL,
  `jornada_momento_accidente` varchar(255) DEFAULT NULL,
  `jornada_momento_accidente_otro` varchar(255) DEFAULT NULL,
  `trabajo_habitual_cual` varchar(255) DEFAULT NULL,
  `trabajo_habitual` varchar(255) DEFAULT NULL,
  `antiguedad_annos` varchar(255) DEFAULT NULL,
  `antiguedad_meses` varchar(255) DEFAULT NULL,
  `antiguedad_dias` varchar(255) DEFAULT NULL,
  `lugar_trabajo` varchar(255) DEFAULT NULL,
  `direccion_sucursal_tipo_calle` varchar(255) DEFAULT NULL,
  `direccion_sucursal_nombre_calle` varchar(255) DEFAULT NULL,
  `direccion_sucursal_numero` varchar(255) DEFAULT NULL,
  `direccion_sucursal_resto_direccion` varchar(255) DEFAULT NULL,
  `direccion_sucursal_localidad` varchar(255) DEFAULT NULL,
  `direccion_sucursal_comuna` varchar(255) DEFAULT NULL,
  `nro_comites_funcio` varchar(255) DEFAULT NULL,
  `nro_comites_ds54_a1` varchar(255) DEFAULT NULL,
  `exist_comites_lugar_acc` varchar(255) DEFAULT NULL,
  `cumb_ob_info_ds40_a21` varchar(255) DEFAULT NULL,
  `reg_ohys_al_dia` varchar(255) DEFAULT NULL,
  `depto_pre_rie_teorico` varchar(255) DEFAULT NULL,
  `depto_pre_rie_real` varchar(255) DEFAULT NULL,
  `exp_pre_em_apellido_paterno` varchar(255) DEFAULT NULL,
  `exp_pre_em_apellido_materno` varchar(255) DEFAULT NULL,
  `exp_pre_em_nombres` varchar(255) DEFAULT NULL,
  `exp_pre_em_rut` varchar(255) DEFAULT NULL,
  `tipo_cont_exp_pre_em` varchar(255) DEFAULT NULL,
  `tipo_cont_exp_pre_em_otro` varchar(255) DEFAULT NULL,
  `nro_dias_jor_parcial_cont_exp_pre_emp` varchar(255) DEFAULT NULL,
  `nro_reg_a_s_exp_pre_em` varchar(255) DEFAULT NULL,
  `cat_exp_pre_em` varchar(255) DEFAULT NULL,
  `programa_pre_rie` varchar(255) DEFAULT NULL,
  `trabajador_reg_subcontratacion` varchar(255) DEFAULT NULL,
  `registro_ac_antec_a66bis` varchar(255) DEFAULT NULL,
  `comite_par_fae_emp_ppal` varchar(255) DEFAULT NULL,
  `depto_pre_rie_emp_ppal` varchar(255) DEFAULT NULL,
  `imp_sist_gest_sst_emp_ppal` varchar(255) DEFAULT NULL,
  `fiscalizacion_con_multas_mat_sst` varchar(255) DEFAULT NULL,
  `organismo_multas` varchar(255) DEFAULT NULL,
  `desc_acc_invest` varchar(255) DEFAULT NULL,
  `codigo_forma` varchar(255) DEFAULT NULL,
  `codigo_agente_accidente` varchar(255) DEFAULT NULL,
  `codigo_intencionalidad` varchar(255) DEFAULT NULL,
  `codigo_modo_transporte` varchar(255) DEFAULT NULL,
  `codigo_papel_lesionado` varchar(255) DEFAULT NULL,
  `codigo_contraparte` varchar(255) DEFAULT NULL,
  `codigo_tipo_evento` varchar(255) DEFAULT NULL,
  `antecedentes_informacion_acc` varchar(255) DEFAULT NULL,
  `investigador_acc_apellido_paterno` varchar(255) DEFAULT NULL,
  `investigador_acc_apellido_materno` varchar(255) DEFAULT NULL,
  `investigador_acc_nombres` varchar(255) DEFAULT NULL,
  `investigador_acc_rut` varchar(255) DEFAULT NULL,
  `prof_invest_acc` varchar(255) DEFAULT NULL,
  `invest_es_experto` varchar(255) DEFAULT NULL,
  `categoria_experto` varchar(255) DEFAULT NULL,
  `nro_reg_a_s_invest_acc` varchar(255) DEFAULT NULL,
  `fecha_notificacion_me_correc` varchar(255) DEFAULT NULL,
  `investigador_apellido_paterno` varchar(255) DEFAULT NULL,
  `investigador_apellido_materno` varchar(255) DEFAULT NULL,
  `investigador_nombres` varchar(255) DEFAULT NULL,
  `investigador_rut` varchar(255) DEFAULT NULL,
  `causa_medida_plazo_id` varchar(255) DEFAULT NULL,
  `causa_medida_plazo_causa` varchar(255) DEFAULT NULL,
  `causa_medida_plazo_medida` varchar(255) DEFAULT NULL,
  `causa_medida_plazo_plazo` varchar(255) DEFAULT NULL,
  `xml_id` int(11) DEFAULT NULL,
  PRIMARY KEY (`id`),
  KEY `xml_id` (`xml_id`),
  CONSTRAINT `ralf3_ibfk_1` FOREIGN KEY (`xml_id`) REFERENCES `xml` (`XML_ID`)
) ENGINE=InnoDB DEFAULT CHARSET=utf8 COMMENT='Registra datos ralf3';


DROP TABLE IF EXISTS `ralf4`;
CREATE TABLE `ralf4` (
  `id` int(11) NOT NULL AUTO_INCREMENT,
  `cumplimiento_medida_id` varchar(255) DEFAULT NULL,
  `cumplimiento_medida_medida` varchar(255) DEFAULT NULL,
  `cumplimiento_medida_medida_implementada` varchar(255) DEFAULT NULL,
  `cumplimiento_medida_ampliacion_plazo` varchar(255) DEFAULT NULL,
  `cumplimiento_medida_nueva_fecha_ampliacion_plazo` varchar(255) DEFAULT NULL,
  `cumplimiento_medida_observaciones` varchar(255) DEFAULT NULL,
  `fecha_verificacion` varchar(255) DEFAULT NULL,
  `verificador_apellido_paterno` varchar(255) DEFAULT NULL,
  `verificador_apellido_materno` varchar(255) DEFAULT NULL,
  `verificador_nombres` varchar(255) DEFAULT NULL,
  `verificador_rut` varchar(255) DEFAULT NULL,
  `xml_id` int(11) DEFAULT NULL,
  PRIMARY KEY (`id`),
  KEY `xml_id` (`xml_id`),
  CONSTRAINT `ralf4_ibfk_1` FOREIGN KEY (`xml_id`) REFERENCES `xml` (`XML_ID`)
) ENGINE=InnoDB DEFAULT CHARSET=utf8 COMMENT='Registra datos ralf4';


DROP TABLE IF EXISTS `ralf5`;
CREATE TABLE `ralf5` (
  `id` int(11) NOT NULL AUTO_INCREMENT,
  `fecha_informe_acciones_adoptadas` varchar(255) DEFAULT NULL,
  `aplicacion_multa_art_80_ley` varchar(255) DEFAULT NULL,
  `monto_multa` varchar(255) DEFAULT NULL,
  `fecha_multa` varchar(255) DEFAULT NULL,
  `recargo_ds67_a15` varchar(255) DEFAULT NULL,
  `recargo_ds67_a5` varchar(255) DEFAULT NULL,
  `fecha_inicio_recargo_a15` varchar(255) DEFAULT NULL,
  `fecha_termino_recargo_a15` varchar(255) DEFAULT NULL,
  `comunicacion_dir_trabajo` varchar(255) DEFAULT NULL,
  `nro_comunic_dir_trabajo` varchar(255) DEFAULT NULL,
  `fecha_comunic_dir_trabajo` varchar(255) DEFAULT NULL,
  `comunicacion_seremi` varchar(255) DEFAULT NULL,
  `identificacion_seremi` varchar(255) DEFAULT NULL,
  `nro_comunic_seremi` varchar(255) DEFAULT NULL,
  `fecha_comunic_seremi` varchar(255) DEFAULT NULL,
  `plan_esp_trabajo_empresa` varchar(255) DEFAULT NULL,
  `fecha_ini_plan_trabajo_empresa` varchar(255) DEFAULT NULL,
  `resumen_plan_trabajo` varchar(255) DEFAULT NULL,
  `representante_oa_apellido_paterno` varchar(255) DEFAULT NULL,
  `representante_oa_apellido_materno` varchar(255) DEFAULT NULL,
  `representante_oa_nombres` varchar(255) DEFAULT NULL,
  `representante_oa_rut` varchar(255) DEFAULT NULL,
  `medidas_no_implementadas_fecha_verificacion` varchar(255) DEFAULT NULL,
  `medidas_no_implementadas_plazo_ampliado_fecha_verificacion` varchar(255) DEFAULT NULL,
  `xml_id` int(11) DEFAULT NULL,
  PRIMARY KEY (`id`),
  KEY `xml_id` (`xml_id`),
  CONSTRAINT `ralf5_ibfk_1` FOREIGN KEY (`xml_id`) REFERENCES `xml` (`XML_ID`)
) ENGINE=InnoDB DEFAULT CHARSET=utf8 COMMENT='Registra datos ralf5';


DROP TABLE IF EXISTS `region`;
CREATE TABLE `region` (
  `id` int(11) NOT NULL AUTO_INCREMENT COMMENT 'Identificador de la región.',
  `nombre` varchar(50) DEFAULT NULL COMMENT 'Nombre de la región.',
  PRIMARY KEY (`id`),
  UNIQUE KEY `REG_ID` (`id`)
) ENGINE=InnoDB DEFAULT CHARSET=utf8 COMMENT='Regiones de Chile.';

INSERT INTO `region` (`id`, `nombre`) VALUES
(1, 'TARAPACA'),
(2, 'ANTOFAGASTA'),
(3, 'ATACAMA'),
(4, 'COQUIMBO'),
(5, 'VALPARAISO'),
(6, 'LIBERTADOR GENERAL BERNARDO OHIGGINS'),
(7, 'MAULE'),
(8, 'BIO - BIO'),
(9, 'ARAUCANIA'),
(10,  'LOS LAGOS'),
(11,  'AYSEN'),
(12,  'MAGALLANES'),
(13,  'METROPOLITANA'),
(14,  'LOS RIOS'),
(15,  'ARICA Y PARINACOTA');

DROP TABLE IF EXISTS `roles`;
CREATE TABLE `roles` (
  `id` int(11) unsigned NOT NULL AUTO_INCREMENT COMMENT 'Identificador único del registro.',
  `name` varchar(32) NOT NULL COMMENT 'Nombre del rol.',
  `description` varchar(255) NOT NULL COMMENT 'Descripción del rol.',
  PRIMARY KEY (`id`),
  UNIQUE KEY `uniq_name` (`name`)
) ENGINE=InnoDB DEFAULT CHARSET=utf8 COMMENT='Roles del SIAP.';

INSERT INTO `roles` (`id`, `name`, `description`) VALUES
(1, 'login',  'Login privileges, granted after account confirmation'),
(2, 'admin',  'Administrative user, has access to everything.'),
(3, 'operador', 'operador isl');

DROP TABLE IF EXISTS `roles_users`;
CREATE TABLE `roles_users` (
  `user_id` int(10) unsigned NOT NULL COMMENT 'Identificador del usuario.',
  `role_id` int(10) unsigned NOT NULL COMMENT 'Identificador del rol.',
  PRIMARY KEY (`user_id`,`role_id`),
  KEY `fk_role_id` (`role_id`)
) ENGINE=InnoDB DEFAULT CHARSET=utf8 COMMENT='Asociación entre roles y usuarios.';

INSERT INTO `roles_users` (`user_id`, `role_id`) VALUES
(1, 1),
(2, 1),
(3, 1),
(4, 1),
(5, 1),
(6, 1),
(7, 1),
(8, 1),
(9, 1),
(10,  1),
(11,  1),
(12,  1),
(13,  1),
(14,  1),
(15,  1),
(16,  1),
(17,  1),
(20,  1),
(21,  1),
(1, 2),
(3, 2),
(21,  2),
(2, 3),
(4, 3),
(5, 3),
(6, 3),
(7, 3),
(8, 3),
(9, 3),
(10,  3),
(11,  3),
(12,  3),
(13,  3),
(14,  3),
(15,  3),
(16,  3),
(17,  3),
(20,  3);

DROP TABLE IF EXISTS `st_ciius`;
CREATE TABLE `st_ciius` (
  `id` int(11) NOT NULL AUTO_INCREMENT,
  `codigo` varchar(255) DEFAULT NULL,
  `nombre` varchar(255) DEFAULT NULL,
  PRIMARY KEY (`id`)
) ENGINE=InnoDB DEFAULT CHARSET=utf8;

INSERT INTO `st_ciius` (`id`, `codigo`, `nombre`) VALUES
(1, '011111', '011111 - Cultivo de trigo'),
(2, '011112', '011112 - Cultivo de maíz'),
(3, '011113', '011113 - Cultivo de avena'),
(4, '011114', '011114 - Cultivo de arroz'),
(5, '011115', '011115 - Cultivo de Cebada'),
(6, '011119', '011119 - Cultivo de otros cereales'),
(7, '011121', '011121 - Cultivo en praderas naturales'),
(8, '011122', '011122 - Cultivo en praderas mejoradas o sembradas'),
(9, '011131', '011131 - Cultivo de porotos o frijol'),
(10,  '011132', '011132 - Cultivo, producción de lupino'),
(11,  '011139', '011139 - Cultivo de otras legumbres'),
(12,  '011141', '011141 - Cultivo de papas'),
(13,  '011142', '011142 - Cultivo de camotes o batatas'),
(14,  '011149', '011149 - Cultivo de otros tubérculos n.c.p'),
(15,  '011151', '011151 - Cultivo de raps'),
(16,  '011152', '011152 - Cultivo de maravilla'),
(17,  '011159', '011159 - Cultivo de otras oleaginosas'),
(18,  '011160', '011160 - Producción de semillas de cereales, legumbres, oleaginosas'),
(19,  '011191', '011191 - Cultivo de remolacha'),
(20,  '011192', '011192 - Cultivo de tabaco'),
(21,  '011193', '011193 - Cultivo de fibras vegetales industriales'),
(22,  '011194', '011194 - Cultivo de plantas aromáticas o medicinales'),
(23,  '011199', '011199 - El resto de los otros cultivos n.c.p.'),
(24,  '011211', '011211 - Cultivo tradicional de hortalizas frescas'),
(25,  '011212', '011212 - Cultivo de hortalizas en invernaderos y cultivos hidropónicos'),
(26,  '011213', '011213 - Cultivo orgánico de hortalizas'),
(27,  '011220', '011220 - Cultivo de plantas vivas y productos de la floricultura'),
(28,  '011230', '011230 - Producción de semillas de flores, prados, frutas y hortalizas'),
(29,  '011240', '011240 - Producción en viveros; excepto especies forestales'),
(30,  '011250', '011250 - Cultivo y Recolección de Hongos y Trufas; Recolección de savia y producción de jarabe de arce de azúcar y azúcar'),
(31,  '011311', '011311 - Cultivo de uva para pisco y aguardiente'),
(32,  '011312', '011312 - Cultivo de uva para vinificar'),
(33,  '011313', '011313 - Cultivo de uva para mesa'),
(34,  '011321', '011321 - Cultivo de frutales en arboles o arbustos con ciclo de vida mayor a una temporada'),
(35,  '011322', '011322 - Cultivo de frutales menores en plantas con ciclo de vida de una temporada'),
(36,  '011330', '011330 - Cultivo de plantas cuyas hojas o frutas se utilizan para preparar bebidas'),
(37,  '011340', '011340 - Cultivo de especias'),
(38,  '012111', '012111 - Cría de ganado bovino para la producción lechera'),
(39,  '012112', '012112 - Cría de ganado para producción de carne, o como ganado reproductor'),
(40,  '012120', '012120 - Cría de ganado ovino y/o explotación lanera'),
(41,  '012130', '012130 - Cría de equinos (caballares, muláres)'),
(42,  '012210', '012210 - Cría de porcinos'),
(43,  '012221', '012221 - Cría de aves de corral para la producción de carne'),
(44,  '012222', '012222 - Cría de aves de corral para la producción de huevos'),
(45,  '012223', '012223 - Cría de aves finas o no tradicionales'),
(46,  '012230', '012230 - Cría de animales domésticos; perros y gatos'),
(47,  '012240', '012240 - Apicultura'),
(48,  '012250', '012250 - Ranicultura, helicultura, sericultura u otra actividad con animales menores o insectos; incluido sus subproductos'),
(49,  '012290', '012290 - Otras explotaciones de animales no clasificados en otra parte, incluido sus subproductos'),
(50,  '013000', '013000 - Explotación mixta'),
(51,  '014011', '014011 - Servicio de corte y enfardado de forraje'),
(52,  '014012', '014012 - Servicio de recolección, empacado, trilla, descascaramiento y desgrane; y similares'),
(53,  '014013', '014013 - Servicio de roturación siembra y similares'),
(54,  '014014', '014014 - Destrucción de plagas; pulverizaciones, fumigaciones u otras'),
(55,  '014015', '014015 - Cosecha, poda, amarre y labores de adecuación de la planta u otras'),
(56,  '014019', '014019 - Otros servicios agrícolas'),
(57,  '014021', '014021 - Servicios de adiestramiento, guardería y cuidados de mascotas; excepto actividades veterinarias'),
(58,  '014022', '014022 - Servicios ganaderos, excepto actividades veterinarias'),
(59,  '015010', '015010 - Caza de mamíferos marinos; excepto ballenas'),
(60,  '015090', '015090 - Caza ordinaria y mediante trampas, y repoblación de animales de caza, incluso las actividades de servicios conexas'),
(61,  '020010', '020010 - Explotación de bosques'),
(62,  '020020', '020020 - Recolección de productos forestales silvestres'),
(63,  '020030', '020030 - Explotación de viveros de especies forestales'),
(64,  '020041', '020041 - Servicios de forestación '),
(65,  '020042', '020042 - Servicios de Corta de Madera'),
(66,  '020043', '020043 - Servicios de control de Incendios Forestales'),
(67,  '020049', '020049 - Otras actividades de Servicios conexas a la Silvicultura n.c.p.'),
(68,  '051010', '051010 - Cultivo de especies acuáticas en cuerpo de agua dulce'),
(69,  '051020', '051020 - Reproducción y crianzas de peces marinos'),
(70,  '051030', '051030 - Cultivo, reproducción y crecimientos de vegetales acuáticos'),
(71,  '051040', '051040 - Reproducción y cría de moluscos y crustáceos. '),
(72,  '051090', '051090 - Servicios relacionados con la acuicultura, no incluye servicios profesionales y de extracción'),
(73,  '052010', '052010 - Pesca industrial'),
(74,  '052020', '052020 - Barcos factorías'),
(75,  '052030', '052030 - Pesca artesanal. Extracción de recursos acuáticos, pescados, moluscos y crustáceos;  incluye ballenas; excepto algas;'),
(76,  '052040', '052040 - Recolección de productos marinos, como perlas naturales, esponjas, corales y algas.'),
(77,  '052050', '052050 - Servicios relacionados con la pesca, no incluye servicios profesionales'),
(78,  '100000', '100000 - Extracción, aglomeración de carbón de piedra, lignito y turba'),
(79,  '111000', '111000 - Extracción de petróleo crudo y gas natural; '),
(80,  '112000', '112000 - Actividades de servicios relacionadas con la extracción de petróleo y gas, excepto las actividades de prospección'),
(81,  '120000', '120000 - Extracción de minerales de uranio y torio'),
(82,  '131000', '131000 - Extracción de minerales de hierro'),
(83,  '132010', '132010 - Extracción de oro y plata'),
(84,  '132020', '132020 - Extracción de zinc y plomo'),
(85,  '132030', '132030 - Extracción de manganeso'),
(86,  '132090', '132090 - Extracción de otros minerales metalíferos no ferrosos n.c.p.'),
(87,  '133000', '133000 - Extracción de cobre. '),
(88,  '141000', '141000 - Extracción de piedra, arena y arcilla'),
(89,  '142100', '142100 - Extracción de nitratos, yodo y otros minerales para la fabricación de abonos y productos químicos'),
(90,  '142200', '142200 - Extracción de sal'),
(91,  '142300', '142300 - Extracción de litio y cloruros, excepto sal'),
(92,  '142900', '142900 - Explotación de otras minas y canteras n.c.p.'),
(93,  '151110', '151110 - Producción, procesamiento   de carnes rojas y productos cárnicos.'),
(94,  '151120', '151120 - Conservación de carnes rojas (frigoríficos)'),
(95,  '151130', '151130 - Producción, procesamiento  y conservación de carnes de ave y otros tipos de carnes distinta a las rojas'),
(96,  '151140', '151140 - Elaboración de cecinas, embutidos y carnes en conserva.'),
(97,  '151210', '151210 - Producción de harina de pescado'),
(98,  '151221', '151221 - Fabricación de productos enlatados de pescado y mariscos'),
(99,  '151222', '151222 - Elaboración de congelados de pescados y mariscos'),
(100, '151223', '151223 - Elaboración de productos ahumados, salados, deshidratados y otros procesos similares'),
(101, '151230', '151230 - Elaboración de productos en base a vegetales acuáticos'),
(102, '151300', '151300 - Elaboración y conservación de frutas, legumbres y hortalizas'),
(103, '151410', '151410 - Elaboración de aceites y grasas de origen vegetal'),
(104, '151420', '151420 - Elaboración de aceites y grasas de origen animal, excepto las mantequillas'),
(105, '151430', '151430 - Elaboración de aceites y grasas de origen marino'),
(106, '152010', '152010 - Elaboración de leche, mantequilla, productos lácteos y derivados'),
(107, '152020', '152020 - Elaboración de quesos'),
(108, '152030', '152030 - Fabricación de helados, sorbetes y otros postres similares, a base de leche'),
(109, '153110', '153110 - Elaboración de harinas de trigo'),
(110, '153120', '153120 - Molino de arroz'),
(111, '153190', '153190 - Elaboración de  otras molineras y alimentos a base de cereales'),
(112, '153210', '153210 - Elaboración de almidones y productos derivados del almidón'),
(113, '153220', '153220 - Elaboración de glucosa y otros azucares diferentes de la remolacha'),
(114, '153300', '153300 - Elaboración de alimentos preparados para animales'),
(115, '154110', '154110 - Fabricación de pan, productos de panadería y pastelería'),
(116, '154120', '154120 - Fabricación de galletas'),
(117, '154200', '154200 - Elaboración de azúcar de remolacha o caña'),
(118, '154310', '154310 - Elaboración de cacao y chocolates'),
(119, '154320', '154320 - Fabricación de productos de confitería'),
(120, '154400', '154400 - Elaboración de macarrones, fideos, alcuzcuz y productos farináceos similares'),
(121, '154910', '154910 - Elaboración de te, café, infusiones'),
(122, '154920', '154920 - Elaboración de levaduras naturales o artificiales'),
(123, '154930', '154930 - Elaboración de vinagres, mostazas, mayonesas y condimentos en general'),
(124, '154990', '154990 - Elaboración de otros productos alimenticios no clasificados en otra parte'),
(125, '155110', '155110 - Elaboración de piscos (industrias pisqueras)'),
(126, '155120', '155120 - Destilación, rectificación y mezclas de bebidas alcohólicas; producción de alcohol etílico a partir de sustancias fermentadas y otros, se excluye el pisco.'),
(127, '155200', '155200 - Elaboración de vinos y otras bebidas alcohólicas fermentadas'),
(128, '155300', '155300 - Elaboración de bebidas malteadas, cervezas y maltas'),
(129, '155410', '155410 - Elaboración de bebidas no alcohólicas'),
(130, '155420', '155420 - Envasado de agua mineral natural, de manantial y potable preparada'),
(131, '155430', '155430 - Elaboración de hielo'),
(132, '160010', '160010 - Fabricación de cigarros y cigarrillos'),
(133, '160090', '160090 - Fabricación de otros productos del tabaco'),
(134, '171100', '171100 - Preparación de hilatura de fibras textiles; tejedura de productos textiles'),
(135, '171200', '171200 - Acabado de productos textil'),
(136, '172100', '172100 - Fabricación de artículos confeccionados de materias textiles, excepto prendas de vestir'),
(137, '172200', '172200 - Fabricación de tapices y alfombra'),
(138, '172300', '172300 - Fabricación de cuerdas, cordeles, bramantes y redes'),
(139, '172910', '172910 - Fabricación de tejidos de uso industrial como tejidos impregnados, moltoprene, batista, etc.'),
(140, '172990', '172990 - Fabricación de otros productos textiles n.c.p.'),
(141, '173000', '173000 - Fabricación de tejidos de punto'),
(142, '181010', '181010 - Fabricación de prendas de vestir textiles y similares'),
(143, '181020', '181020 - Fabricación de prendas de vestir de cuero natural, artificial, plástico'),
(144, '181030', '181030 - Fabricación de accesorios de vestir'),
(145, '181040', '181040 - Fabricación de ropa de trabajo'),
(146, '182000', '182000 - Adobo y teñidos de pieles; fabricación de artículos de piel'),
(147, '191100', '191100 - Curtido y adobo de cueros'),
(148, '191200', '191200 - Fabricación de maletas, bolsos de mano y artículos similares, y de artículos de talabartería y guarnicionería'),
(149, '192000', '192000 - Fabricación de calzado'),
(150, '201000', '201000 - Aserrado y acepilladura de maderas'),
(151, '202100', '202100 - Fabricación de hojas de madera para enchapado; fabricación de tableros contrachapados, tablero laminado, tableros de partículas y otros tableros y paneles'),
(152, '202200', '202200 - Fabricación de partes y piezas de carpintería para edificios y construcciones'),
(153, '202300', '202300 - Fabricación de recipientes de madera'),
(154, '202900', '202900 - Fabricación de otros productos de madera; fabricación de artículos de corcho, paja y materiales trenzables'),
(155, '210110', '210110 - Fabricación de celulosa y otras pastas de madera'),
(156, '210121', '210121 - Fabricación de papel de periódico'),
(157, '210129', '210129 - Fabricación de papel y cartón n.c.p.'),
(158, '210200', '210200 - Fabricación de papel y cartón ondulado y de envases de papel y cartón'),
(159, '210900', '210900 - Fabricación de otros artículos de papel y cartón'),
(160, '221101', '221101 - Edición principalmente de libros'),
(161, '221109', '221109 - Edición de folletos, partituras y otras publicaciones'),
(162, '221200', '221200 - Edición de periódicos, revistas y publicaciones periódicas'),
(163, '221300', '221300 - Edición de grabaciones'),
(164, '221900', '221900 - Otras actividades de edición.'),
(165, '222101', '222101 - Actividades de impresión principalmente de libros'),
(166, '222109', '222109 - Otras actividades de impresión n.c.p.'),
(167, '222200', '222200 - Actividades de servicio relacionada con la impresión .'),
(168, '223000', '223000 - Reproducción de grabaciones'),
(169, '231000', '231000 - Fabricación de productos de hornos coque'),
(170, '232000', '232000 - Fabricación de productos de refinación de petróleo'),
(171, '233000', '233000 - Elaboración de combustible nuclear'),
(172, '241110', '241110 - Fabricación de carbón vegetal, y briquetas de carbón vegetal'),
(173, '241190', '241190 - Fabricación de sustancias químicas básicas, excepto abonos y compuestos de nitrógeno; excepto carbón vegetal'),
(174, '241200', '241200 - Fabricación de abonos y compuestos de nitrógeno'),
(175, '241300', '241300 - Fabricación de plásticos en formas primarias y de caucho sintético'),
(176, '242100', '242100 - Fabricación de plaguicidas y otros productos químicos de uso agropecuario'),
(177, '242200', '242200 - Fabricación de pinturas barnices y productos de revestimiento similares; tintas de imprenta y masillas'),
(178, '242300', '242300 - Fabricación de productos farmacéuticos, sustancias químicas medicinales y productos botánicos'),
(179, '242400', '242400 - Fabricaciones de jabones y detergentes, preparados para limpiar y pulir, perfumes y preparados de tocador'),
(180, '242910', '242910 - Fabricación de explosivos  y productos de pirotecnia'),
(181, '242990', '242990 - Fabricación del resto de los demás productos químicos n.c.p.'),
(182, '243000', '243000 - Fabricación de fibras manufacturadas'),
(183, '251110', '251110 - Fabricación de cubiertas y cámaras de caucho'),
(184, '251120', '251120 - Recauchado y renovación de cubiertas de caucho'),
(185, '251900', '251900 - Fabricación de otros productos de caucho'),
(186, '252010', '252010 - Fabricación de planchas, láminas, cintas, tiras de plástico'),
(187, '252020', '252020 - Fabricación de tubos, mangueras para la construcción'),
(188, '252090', '252090 - Fabricación de otros artículos de plástico'),
(189, '261010', '261010 - Fabricación, manipulado y transformación  de vidrio plano'),
(190, '261020', '261020 - Fabricación de vidrio hueco'),
(191, '261030', '261030 - Fabricación de fibras de vidrio'),
(192, '261090', '261090 - Fabricación de artículos de vidrio n.c.p.'),
(193, '269101', '269101 - Fabricación de productos de cerámica no refractaria para uso no estructural con fines ornamentales'),
(194, '269109', '269109 - Fabricación de productos de cerámica no refractaria para uso no estructural n.c.p.'),
(195, '269200', '269200 - Fabricación de productos de cerámicas refractaria'),
(196, '269300', '269300 - Fabricación de  productos de arcilla y cerámicas no refractarias para uso estructural'),
(197, '269400', '269400 - Fabricación de cemento, cal y yeso'),
(198, '269510', '269510 - Elaboración de hormigón, artículos de hormigón y mortero (mezcla para construcción)'),
(199, '269520', '269520 - Fabricación de productos de fibrocemento y asbestocemento'),
(200, '269530', '269530 - Fabricación de paneles de yeso para la construcción'),
(201, '269590', '269590 - Fabricación de artículos de cemento y yeso n.c.p.'),
(202, '269600', '269600 - Corte, tallado y acabado de la piedra'),
(203, '269910', '269910 - Fabricación de mezclas bituminosas a base de asfalto o de betunes naturales, de betún de petróleo, de alquitrán mineral o de brea de alquitrán mineral (por ejemplo: mastiques bituminosos, cut backs)'),
(204, '269990', '269990 - Fabricación de otros productos minerales no metálicos n.c.p'),
(205, '271000', '271000 - Industrias básicas de hierro y acero'),
(206, '272010', '272010 - Elaboración de productos de cobre en formas primarias. '),
(207, '272020', '272020 - Elaboración de productos de aluminio en formas primarias'),
(208, '272090', '272090 - Fabricación de productos primarios de metales preciosos y de otros metales no ferrosos n.c.p.'),
(209, '273100', '273100 - Fundición de hierro y acero'),
(210, '273200', '273200 - Fundición de metales no ferrosos'),
(211, '281100', '281100 - Fabricación de productos metálicos de uso estructural '),
(212, '281211', '281211 - Fabricación de recipientes de gas comprimido o licuado'),
(213, '281219', '281219 - Fabricación de tanques, depósitos y recipientes de metal n.c.p.'),
(214, '281280', '281280 - Reparación de tanques,  depósitos y recipientes de metal'),
(215, '281310', '281310 - Fabricación de generadores de vapor, excepto calderas de agua caliente para calefacción'),
(216, '281380', '281380 - Reparación de generadores de vapor,  excepto calderas de agua caliente para calefacción central'),
(217, '289100', '289100 - Forja, prensado, estampado y laminado de metal; incluye pulvimetalurgia'),
(218, '289200', '289200 - Tratamientos y revestimientos de metales; obras de ingeniería mecánica en general realizadas a cambio de una retribución o contrata'),
(219, '289310', '289310 - Fabricación de artículos de cuchillería'),
(220, '289320', '289320 - Fabricación de herramientas de mano y artículos de ferretería'),
(221, '289910', '289910 - Fabricación de cables, alambres y productos de alambre'),
(222, '289990', '289990 - Fabricación del resto de los  productos elaborados de metal n.c.p.'),
(223, '291110', '291110 - Fabricación de motores y  turbinas, excepto para aeronaves vehículos automotores y motocicletas'),
(224, '291180', '291180 - Reparación de motores y turbinas,  excepto motores para aeronaves,  vehículos automotores y motocicletas'),
(225, '291210', '291210 - Fabricación de bombas, grifos, válvulas, compresores, sistemas hidráulicos'),
(226, '291280', '291280 - Reparación de bombas,  compresores, sistemas hidráulicos, válvulas y artículos de grifería'),
(227, '291310', '291310 - Fabricación de cojinetes, engranajes, trenes de engranajes y piezas  de transmisión'),
(228, '291380', '291380 - Reparación de cojinetes,  engranajes,  trenes de engranajes y piezas de transmisión'),
(229, '291410', '291410 - Fabricación de hornos, hogares y quemadores'),
(230, '291480', '291480 - Reparación de hornos, hogares y quemadores'),
(231, '291510', '291510 - Fabricación de equipo de elevación y manipulación'),
(232, '291580', '291580 - Reparación de equipo de elevación y manipulación'),
(233, '291910', '291910 - Fabricación de otro tipo de maquinarias de uso general'),
(234, '291980', '291980 - Reparación otros tipos de maquinaria y equipos de uso general'),
(235, '292110', '292110 - Fabricación de maquinaria agropecuaria y forestal'),
(236, '292180', '292180 - Reparación de maquinaria agropecuaria y forestal'),
(237, '292210', '292210 - Fabricación de máquinas herramientas'),
(238, '292280', '292280 - Reparación de máquinas herramientas'),
(239, '292310', '292310 - Fabricación de maquinaria metalúrgica'),
(240, '292380', '292380 - Reparación de maquinaria para la industria metalúrgica'),
(241, '292411', '292411 - Fabricación de maquinaria para minas y canteras y para obras de construcción'),
(242, '292412', '292412 - Fabricación de partes para maquinas de sondeo o perforación'),
(243, '292480', '292480 - Reparación de maquinaria para la explotación del petróleo, minas y canteras, y para obras de construcción'),
(244, '292510', '292510 - Fabricación de maquinaria para la elaboración de alimentos, bebidas y tabacos'),
(245, '292580', '292580 - Reparación de maquinaria para la elaboración de alimentos, bebidas y tabacos'),
(246, '292610', '292610 - Fabricación de maquinaria para la elaboración de prendas textiles, prendas de vestir y cueros'),
(247, '292680', '292680 - Reparación de maquinaria para la industria textil,  de la confección,  del cuero y del calzado'),
(248, '292710', '292710 - Fabricación de armas y municiones'),
(249, '292780', '292780 - Reparación de armas'),
(250, '292910', '292910 - Fabricación de otros tipos de maquinarias de uso especial'),
(251, '292980', '292980 - Reparación de otros tipos de maquinaria de uso especial'),
(252, '293000', '293000 - Fabricación  de aparatos de uso domestico n.c.p.'),
(253, '300010', '300010 - Fabricación y armado de computadores y hardware en general'),
(254, '300020', '300020 - Fabricación de maquinaria de oficina, contabilidad, n.c.p.'),
(255, '311010', '311010 - Fabricación de motores, generadores y transformadores eléctricos'),
(256, '311080', '311080 - Reparación de motores, generadores y transformadores eléctricos'),
(257, '312010', '312010 - Fabricación de aparatos de distribución y control de la energía eléctrica'),
(258, '312080', '312080 - Reparación de aparatos de distribución y control de la energía eléctrica'),
(259, '313000', '313000 - Fabricación de hilos y cables aislados'),
(260, '314000', '314000 - Fabricación de acumuladores de pilas y baterías  primarias'),
(261, '315010', '315010 - Fabricación de lámparas y equipo de iluminación'),
(262, '315080', '315080 - Reparación de equipo de iluminación'),
(263, '319010', '319010 - Fabricación de otros tipos de equipo eléctrico n.c.p.'),
(264, '319080', '319080 - Reparación de otros tipos de equipo eléctrico n.c.p.'),
(265, '321010', '321010 - Fabricación de componentes electrónicos'),
(266, '321080', '321080 - Reparación de componentes electrónicos'),
(267, '322010', '322010 - Fabricación de transmisores de radio  y televisión de aparatos para telefonía y telegrafía con hilos'),
(268, '322080', '322080 - Reparación de transmisores de radio y televisión y de aparatos para telefonía y telegrafía con hilos'),
(269, '323000', '323000 - Fabricación de receptores de radio y televisión, aparatos de grabación y reproducción de sonidos y vídeo, y productos conexos'),
(270, '331110', '331110 - Fabricación de equipo medico y quirúrgico y de aparatos ortopédicos.'),
(271, '331120', '331120 - Laboratorios dentales'),
(272, '331180', '331180 - Reparación de equipo médico y quirúrgico y de aparatos ortopédicos'),
(273, '331210', '331210 - Fabricación de instrumentos y aparatos para medir, verificar, ensayar, navegar y otros fines, excepto el equipo de control de procesos industriales.'),
(274, '331280', '331280 - Reparación de instrumentos y aparatos para medir, verificar, ensayar, navegar y otros fines, excepto el equipo de control de procesos industriales'),
(275, '331310', '331310 - Fabricación de equipos de control de procesos industriales'),
(276, '331380', '331380 - Reparación de equipo de control de procesos industriales'),
(277, '332010', '332010 - Fabricación y/o reparación de lentes y artículos oftalmológicos'),
(278, '332020', '332020 - Fabricación de instrumentos de óptica n.c.p. y equipos fotográficos'),
(279, '332080', '332080 - Reparación de instrumentos de óptica n.c.p y equipo fotográficos'),
(280, '333000', '333000 - Fabricación de relojes'),
(281, '341000', '341000 - Fabricación de vehículos automotores'),
(282, '342000', '342000 - Fabricación de carrocerías para vehículos automotores; fabricación de remolques y semi remolques'),
(283, '343000', '343000 - Fabricación de partes y accesorios para vehículos automotores y sus motores'),
(284, '351110', '351110 - Construcción  y reparación de buques; astilleros'),
(285, '351120', '351120 - Construcción de embarcaciones menores'),
(286, '351180', '351180 - Reparación de embarcaciones menores'),
(287, '351210', '351210 - Construcción  de embarcaciones de recreo y deporte'),
(288, '351280', '351280 - Reparación de embarcaciones (recreo y deportes)'),
(289, '352000', '352000 - Fabricación de locomotoras y de material rodante para ferrocarriles y tranvías'),
(290, '353010', '353010 - Fabricación de aeronaves y naves espaciales'),
(291, '353080', '353080 - Reparación de aeronaves y naves espaciales'),
(292, '359100', '359100 - Fabricación de motocicletas'),
(293, '359200', '359200 - Fabricación de bicicletas y de sillones de ruedas para inválidos'),
(294, '359900', '359900 - Fabricación de otros equipos de transporte n.c.p.'),
(295, '361010', '361010 - Fabricación de muebles principalmente de madera'),
(296, '361020', '361020 - Fabricación de otros muebles n.c.p., incluso colchones'),
(297, '369100', '369100 - Fabricación de joyas y productos conexos'),
(298, '369200', '369200 - Fabricación de instrumentos de música'),
(299, '369300', '369300 - Fabricación de artículos de deporte'),
(300, '369400', '369400 - Fabricación de juegos y juguetes'),
(301, '369910', '369910 - Fabricación de plumas y lápices de toda clase y artículos de escritorio en general'),
(302, '369920', '369920 - Fabricación de brochas, escobas y cepillos'),
(303, '369930', '369930 - Fabricación de fósforos'),
(304, '369990', '369990 - Fabricación de artículos de otras industrias n.c.p.'),
(305, '371000', '371000 - Reciclamiento de desperdicios y desechos metálicos'),
(306, '372010', '372010 - Reciclamiento de papel'),
(307, '372020', '372020 - Reciclamiento de vidrio'),
(308, '372090', '372090 - Reciclamiento de otros desperdicios y desechos no metálicos'),
(309, '401011', '401011 - Generación hidroeléctrica'),
(310, '401012', '401012 - Generación en centrales termoeléctrica de ciclos combinados'),
(311, '401013', '401013 - Generación en otras centrales termoeléctricas'),
(312, '401019', '401019 - Generación en otras centrales n.c.p.'),
(313, '401020', '401020 - Transmisión de energía eléctrica'),
(314, '401030', '401030 - Distribución de energía eléctrica'),
(315, '402000', '402000 - Fabricación de gas; distribución de combustibles gaseosos por tuberías'),
(316, '403000', '403000 - Suministro de vapor y agua caliente'),
(317, '410000', '410000 - Captación, depuración y distribución de agua'),
(318, '451010', '451010 - Preparación del terreno, excavaciones y movimientos de tierras'),
(319, '451020', '451020 - Servicios de demolición y el derribo de edificios y otras estructuras'),
(320, '452010', '452010 - Construcción de edificios completos o de partes de edificios'),
(321, '452020', '452020 - Obras de ingeniería'),
(322, '453000', '453000 - Acondicionamiento de edificios.'),
(323, '454000', '454000 - Obras menores en construcción (albañiles, carpinteros)'),
(324, '455000', '455000 - Alquiler de  equipo de construcción o demolición dotado de operarios'),
(325, '501010', '501010 - Venta al por mayor de vehículos automotores (Importación, distribución) excepto motocicletas'),
(326, '501020', '501020 - Venta al por menor de vehículos automotores nuevos o usados (incluye compraventa) excepto motocicletas'),
(327, '502010', '502010 - Servicio de lavado de vehículos automotores'),
(328, '502020', '502020 - Servicios de remolque de vehículos (grúas)'),
(329, '502080', '502080 - Mantenimiento y reparación de vehículos automotores'),
(330, '503000', '503000 - Venta de partes, piezas y accesorios de vehículos automotores'),
(331, '504010', '504010 - Venta de motocicletas'),
(332, '504020', '504020 - Venta de piezas y accesorios de motocicletas'),
(333, '504080', '504080 - Reparación de motocicletas'),
(334, '505000', '505000 - Venta al por menor de combustible  para automotores'),
(335, '511010', '511010 - Corretaje de productos agrícolas'),
(336, '511020', '511020 - Corretaje de ganado (ferias de ganado)'),
(337, '511030', '511030 - Otros tipos de corretajes o remates n.c.p. (excepto servicios de martillero)'),
(338, '512110', '512110 - Venta al por mayor de animales vivos '),
(339, '512120', '512120 - Venta al por mayor de productos pecuarios (lanas, pieles, cueros sin procesar); excepto alimentos'),
(340, '512130', '512130 - Venta al por mayor de materias primas agrícolas (granos, frutas oleaginosas, tabaco en bruto, flores y plantas)'),
(341, '512210', '512210 - Mayorista de frutas y verduras'),
(342, '512220', '512220 - Mayoristas de carnes '),
(343, '512230', '512230 - Mayoristas de productos del mar (pescado, mariscos, algas)'),
(344, '512240', '512240 - Mayoristas de vinos y licores'),
(345, '512250', '512250 - Venta al por mayor de confites'),
(346, '512260', '512260 - Venta al por mayor  de alimentos para animales'),
(347, '512290', '512290 - Venta al por mayor de huevos, leche,  abarrotes,  y otros alimentos n.c.p.)'),
(348, '513100', '513100 - Venta al por mayor de productos textiles, prendas de vestir y calzado'),
(349, '513910', '513910 - Venta al por mayor de muebles'),
(350, '513920', '513920 - Venta al por mayor de artículos eléctricos y electrónicos para el hogar'),
(351, '513930', '513930 - Venta al por mayor de artículos de perfumería, cosméticos, jabones y productos de limpieza'),
(352, '513940', '513940 - Venta al por mayor de papel y cartón'),
(353, '513951', '513951 - Venta al por mayor de  libros.'),
(354, '513952', '513952 - Venta al por mayor de revistas y periódicos'),
(355, '513960', '513960 - Venta al por mayor de productos farmacéuticos'),
(356, '513970', '513970 - Venta al por mayor de instrumentos  científicos y quirúrgicos, dispositivos ortopédicos y de seguridad.'),
(357, '513990', '513990 - Venta al por mayor de otros enseres domésticos n.c.p.'),
(358, '514110', '514110 - Venta al por mayor de combustibles líquidos '),
(359, '514120', '514120 - Venta al por mayor de combustibles sólidos'),
(360, '514130', '514130 - Venta al por mayor de combustibles gaseosos'),
(361, '514140', '514140 - Venta al por mayor de productos conexos a los combustibles'),
(362, '514200', '514200 - Venta al por mayor de metales y minerales metalíferos'),
(363, '514310', '514310 - Venta al por mayor de madera no trabajada y productos resultantes de la elaboración primaria de la madera'),
(364, '514320', '514320 - Venta al por mayor de materiales de construcción, artículos de ferretería  y equipo de materiales de fontanería y calefacción '),
(365, '514910', '514910 - Venta al por mayor de productos químicos'),
(366, '514920', '514920 - Venta al por mayor de desechos metálicos (chatarra)'),
(367, '514930', '514930 - Venta al por mayor de insumos veterinarios'),
(368, '514990', '514990 - Venta al por mayor de otros productos intermedios,  desperdicios y desechos n.c.p.'),
(369, '515001', '515001 - Venta al por Mayor de maquinaria agrícola y forestal'),
(370, '515002', '515002 - Venta al por Mayor de maquinaria metalúrgica'),
(371, '515003', '515003 - Venta al por Mayor de maquinaria para la minería'),
(372, '515004', '515004 - Venta al por Mayor de maquinaria para la construcción'),
(373, '515005', '515005 - Venta al por Mayor de maquinaria para la elaboración de alimentos, bebidas y tabaco'),
(374, '515006', '515006 - Venta al por Mayor de maquinaria para textiles y cueros'),
(375, '515007', '515007 - Venta al por Mayor  de maquinas y equipos de oficina y materiales conexos (incluye teléfonos y computadores)'),
(376, '515008', '515008 - Venta al por mayor de maquinaria y equipo de transporte excepto vehículos automotores.'),
(377, '515009', '515009 - Venta al por mayor de maquinaria, herramientas, equipo y materiales n.c.p.'),
(378, '519000', '519000 - Venta al por mayor de otros productos'),
(379, '521111', '521111 - Grandes establecimientos; hipermercados'),
(380, '521112', '521112 - Medianos y pequeños establecimientos; supermercados, minimarket'),
(381, '521120', '521120 - Venta al por menor en pequeños almacenes no especializados con surtido compuesto principalmente de alimentos, bebidas y tabaco; no incluyen bebidas alcohólicas'),
(382, '521200', '521200 - Venta al por menor en almacenes no especializados con surtido compuesto principalmente de productos de ferretería, construcción y productos para el hogar.'),
(383, '521300', '521300 - Venta al por menor  en almacenes no especializados con surtido compuesto  por vestuario y productos para el hogar'),
(384, '521900', '521900 - Venta al por menor de otros productos en pequeños almacenes no especializados'),
(385, '522010', '522010 - Venta al por menor de bebidas y licores (botillerías)'),
(386, '522020', '522020 - Venta al por menor de carnes (rojas, blancas, otras) productos cárnicos y similares. '),
(387, '522030', '522030 - Comercio al por menor de verduras y frutas (verdulería)'),
(388, '522040', '522040 - Venta al por menor de pescados, mariscos y productos conexos'),
(389, '522050', '522050 - Venta al por menor de productos de panadería y pastelería'),
(390, '522060', '522060 - Venta  al por menor de alimentos  para mascotas'),
(391, '522070', '522070 - Venta al por menor de aves y huevos'),
(392, '522090', '522090 - Venta al por menor de productos de confiterías, cigarrillos, roticerías y otros'),
(393, '523111', '523111 - Farmacias pertenecientes a cadenas de establecimientos'),
(394, '523112', '523112 - Farmacias Independientes'),
(395, '523120', '523120 - Venta al por menor de productos medicinales'),
(396, '523130', '523130 - Venta al por menor de artículos ortopédicos'),
(397, '523140', '523140 - Venta al por menor de artículos de tocador y cosméticos'),
(398, '523210', '523210 - Venta al por menor de calzado'),
(399, '523220', '523220 - Venta al por menor de prendas de vestir en general, incluye accesorios'),
(400, '523230', '523230 - Venta al por menor de lanas, hilos y similares'),
(401, '523240', '523240 - Venta al por menor de maleterías, talabarterías y artículos de cuero'),
(402, '523250', '523250 - Venta al por menor de ropa interior y prendas de uso personal'),
(403, '523290', '523290 - Comercio al por menor de otros productos textiles n.c.p., excepto para el hogar'),
(404, '523310', '523310 - Venta al por menor de artículos electrodomésticos y electrónicos; incluye aparatos de radio y televisión'),
(405, '523320', '523320 - Venta al por menor de cristales, lozas, porcelana, menaje (cristalerías)'),
(406, '523330', '523330 - Venta al por menor de muebles; incluye colchones'),
(407, '523340', '523340 - Venta al por menor de instrumentos musicales (casa de música)'),
(408, '523350', '523350 - Venta al por menor de discos, cassettes, dvd y videos '),
(409, '523360', '523360 - Venta al por menor de lámparas, apliques y similares'),
(410, '523390', '523390 - Venta al por menor de artículos textiles para el hogar y otros artículos y equipo de uso doméstico n.c.p.'),
(411, '523410', '523410 - Venta al por menor de artículos de ferretería y materiales de construcción'),
(412, '523420', '523420 - Venta al por menor de pinturas, barnices y lacas'),
(413, '523430', '523430 - Comercio al por menor de productos de vidrio'),
(414, '523911', '523911 - Comercio al por menor de artículos fotográficos'),
(415, '523912', '523912 - Comercio al por menor de artículos ópticos'),
(416, '523921', '523921 - Comercio por menor de juguetes'),
(417, '523922', '523922 - Comercio al por menor de libros'),
(418, '523923', '523923 - Comercio al por menor de revistas y diarios'),
(419, '523924', '523924 - Comercio de artículos de suministros de oficinas y artículos de escritorio en general'),
(420, '523930', '523930 - Comercio al por menor de computadoras, programas de computación y suministros'),
(421, '523941', '523941 - Comercio al por menor de armerías, artículos de caza y pesca'),
(422, '523942', '523942 - Comercio al por menor de bicicletas y sus repuestos'),
(423, '523943', '523943 - Comercio al por menor de artículos deportivos'),
(424, '523950', '523950 - Comercio al por menor  de artículos  de joyería, fantasías y relojerías'),
(425, '523961', '523961 - Venta al por menor de gas licuado en bombonas'),
(426, '523969', '523969 - Venta al por menor de carbón, leña y otros combustibles de uso doméstico'),
(427, '523991', '523991 - Comercio al por menor de artículos típicos (artesanías)'),
(428, '523992', '523992 - Venta al por menor de flores, plantas, árboles, semillas, abonos'),
(429, '523993', '523993 - Venta al por menor de mascotas y accesorios'),
(430, '523999', '523999 - Venta al por menor de otros productos en almacenes especializados n.c.p.'),
(431, '524010', '524010 - Comercio al por menor de antigüedades de todo tipo'),
(432, '524020', '524020 - Comercio al por menor de ropa usada'),
(433, '524090', '524090 - Comercio al por menor de artículos y artefactos usados n.c.p.'),
(434, '525110', '525110 - Venta al por menor en empresas de venta a distancia por correo'),
(435, '525120', '525120 - Venta al por menor en empresas de venta a distancia vía telefónica'),
(436, '525130', '525130 - Venta al por menor en empresas de venta a distancia vía Internet; comercio electrónico'),
(437, '525200', '525200 - Venta al por menor en puestos de venta y mercados'),
(438, '525910', '525910 - Venta al por menor no realizada en almacenes.'),
(439, '525920', '525920 - Venta al por menor a través de Maquinas expendedoras'),
(440, '525930', '525930 - Venta al por menor a cambio de una retribución  o por contrata, de productos de terceros'),
(441, '525990', '525990 - Otros tipos de venta al por menor no realizada en almacenes n.c.p.'),
(442, '526010', '526010 - Reparación de calzado y otros artículos de cuero'),
(443, '526020', '526020 - Reparaciones eléctricas y electrónicas'),
(444, '526030', '526030 - Reparación de relojes y joyas'),
(445, '526090', '526090 - Otras reparaciones de efectos personales y enseres domésticos n.c.p.'),
(446, '551010', '551010 - Hoteles'),
(447, '551020', '551020 - Moteles'),
(448, '551030', '551030 - Residenciales'),
(449, '551090', '551090 - Otros tipos de hospedaje temporal como camping, albergues, posadas, refugios y similares'),
(450, '552010', '552010 - Restaurantes'),
(451, '552020', '552020 - Bares, fuentes de soda, cafés, salones de te, sandwicherías, gelaterias, pizzerías, y establecimientos de comida rápida en general'),
(452, '552030', '552030 - Casinos y clubes sociales'),
(453, '552040', '552040 - Servicios de comida preparada en forma industrial'),
(454, '552050', '552050 - Servicios de banquetes, bodas  y otras celebraciones'),
(455, '552090', '552090 - Servicios de otros establecimientos que expenden comidas y bebidas '),
(456, '601001', '601001 - Transporte interurbano de pasajeros por ferrocarriles'),
(457, '601002', '601002 - Transporte interurbano de carga por ferrocarriles'),
(458, '602110', '602110 - Transporte urbano vía ferrocarril (incluye metro)'),
(459, '602120', '602120 - Transporte urbano vía autobús (locomoción colectiva)'),
(460, '602130', '602130 - Transporte interurbano vía autobús'),
(461, '602140', '602140 - Transporte urbano vía taxi colectivo'),
(462, '602150', '602150 - Servicios de transporte escolar'),
(463, '602160', '602160 - Servicios de transporte de trabajadores'),
(464, '602190', '602190 - Otros tipos regular de pasajeros por vía terrestre n.c.p.'),
(465, '602210', '602210 - Transportes por taxis libres y radiotaxis'),
(466, '602220', '602220 - Servicios de Transporte a Turistas'),
(467, '602230', '602230 - Transporte de pasajeros en vehículos de tracción humana y animal'),
(468, '602290', '602290 - Otros tipos de transporte no regular de pasajeros n.c.p.'),
(469, '602300', '602300 - Transporte de carga por carretera'),
(470, '603000', '603000 - Transporte por tuberías'),
(471, '611011', '611011 - Transporte marítimo y de cabotaje de pasajeros'),
(472, '611012', '611012 - Transporte marítimo y de cabotaje de carga'),
(473, '611021', '611021 - Transporte por vía lacustre de pasajeros'),
(474, '611022', '611022 - Transporte por vía lacustre de carga'),
(475, '612001', '612001 - Transporte de pasajeros por vías de navegación interiores'),
(476, '612002', '612002 - Transporte de carga por vías de navegación interiores'),
(477, '621010', '621010 - Transporte regular vía aérea de pasajeros'),
(478, '621020', '621020 - Transporte regular vía aérea de carga'),
(479, '622001', '622001 - Transporte no regular por vía aérea de pasajeros'),
(480, '622002', '622002 - Transporte no regular por vía aérea de carga'),
(481, '630100', '630100 - Manipulación de la carga'),
(482, '630200', '630200 - Servicios de almacenamiento y depósito'),
(483, '630310', '630310 - Terminales terrestres de pasajeros'),
(484, '630320', '630320 - Estacionamiento de vehículos y parquímetros'),
(485, '630330', '630330 - Puertos y aeropuertos'),
(486, '630340', '630340 - Servicios prestados por concesionarios de carreteras'),
(487, '630390', '630390 - Otras actividades conexas al transporte n.c.p.'),
(488, '630400', '630400 - Actividades de agencias de viajes y organizadores de viajes y actividades de asistencia a turistas n.c.p.'),
(489, '630910', '630910 - Agencias de aduanas'),
(490, '630920', '630920 - Agencias de transporte'),
(491, '641100', '641100 - Actividades postales nacionales'),
(492, '641200', '641200 - Actividades de correo distintas de las actividades postales nacionales'),
(493, '642010', '642010 - Servicios de telefonía fija'),
(494, '642020', '642020 - Servicios de telefonía móvil'),
(495, '642030', '642030 - Portadores telefónicos (larga distancia)'),
(496, '642040', '642040 - Servicios de televisión no abierta'),
(497, '642050', '642050 - Proveedores de internet'),
(498, '642061', '642061 - Centros de llamados; incluye envío de fax'),
(499, '642062', '642062 - Centros de acceso a internet'),
(500, '642090', '642090 - Otros servicios de telecomunicaciones n.c.p.'),
(501, '651100', '651100 - Banca central'),
(502, '651910', '651910 - Bancos'),
(503, '651920', '651920 - Financieras'),
(504, '651990', '651990 - El resto de otros tipos de intermediación monetaria'),
(505, '659110', '659110 - Leasing financiero'),
(506, '659120', '659120 - Leasing habitacional'),
(507, '659210', '659210 - Financiamiento del fomento de la producción'),
(508, '659220', '659220 - Dirección general de crédito prendario'),
(509, '659290', '659290 - El resto de otros tipos de crédito'),
(510, '659911', '659911 - Administradoras de Fondos de Inversión'),
(511, '659912', '659912 - Administradoras de Fondos Mutuos'),
(512, '659913', '659913 - Administradoras de FICEs (Fondos de inversión de capital extranjero)'),
(513, '659914', '659914 - Administradoras de Fondos para la Vivienda'),
(514, '659915', '659915 - Administradoras de Fondos para otros fines y/o generales'),
(515, '659920', '659920 - Sociedades de Inversión y Rentistas de Capitales Mobiliarios en general'),
(516, '659931', '659931 - Factoring'),
(517, '659932', '659932 - Securitizadoras'),
(518, '660101', '660101 - Planes de seguro de vida'),
(519, '660102', '660102 - Planes de reaseguros de vida'),
(520, '660200', '660200 - Administradoras de Fondos de Pensiones (AFP)'),
(521, '660301', '660301 - Planes de seguros generales'),
(522, '660302', '660302 - Planes de reaseguros generales'),
(523, '660400', '660400 - Isapres'),
(524, '671100', '671100 - Administración de mercados financieros '),
(525, '671210', '671210 - Corredores de Bolsa'),
(526, '671220', '671220 - Agentes de Valores'),
(527, '671290', '671290 - Otros Servicios de Corretaje'),
(528, '671910', '671910 - Cámara de compensación'),
(529, '671921', '671921 - Administradora de tarjetas de crédito'),
(530, '671929', '671929 - Empresas de asesoría, consultoría financiera y de apoyo al giro'),
(531, '671930', '671930 - Clasificadores de riesgos'),
(532, '671940', '671940 - Casas de cambio y operadores de divisa'),
(533, '671990', '671990 - El resto de las otras actividades auxiliares de la intermediación financiera n.c.p.'),
(534, '672010', '672010 - Corredores de Seguros'),
(535, '672020', '672020 - Liquidadores de Seguros'),
(536, '672090', '672090 - El resto de las otras actividades auxiliares de la financiación de planes de seguros y de pensiones n. c. p.'),
(537, '701001', '701001 - Arriendo de inmuebles amoblados o con equipos y maquinarias'),
(538, '701009', '701009 - Actividades inmobiliarias realizadas con bienes propios o arrendados n.c.p.'),
(539, '702000', '702000 - Actividades inmobiliarias realizadas a cambio de una retribución o por contrata'),
(540, '711101', '711101 - Alquiler de autos y camionetas sin chofer'),
(541, '711102', '711102 - Alquiler de otros equipos de transporte por vía terrestre sin operarios'),
(542, '711200', '711200 - Alquiler de transporte por vía acuática sin tripulación'),
(543, '711300', '711300 - Alquiler de equipo de transporte por vía aérea sin tripulantes'),
(544, '712100', '712100 - Alquiler de maquinaria y equipo agropecuario'),
(545, '712200', '712200 - Alquiler de maquinaria y equipo de construcción e ingeniería civil'),
(546, '712300', '712300 - Alquiler de maquinaria y equipo de oficina (incluso computadoras, sin operarios ni servicio administrativo)'),
(547, '712900', '712900 - Alquiler de otros tipos de maquinarias y equipos n.c.p.'),
(548, '713010', '713010 - Alquiler de bicicletas y artículos para deportes'),
(549, '713020', '713020 - Arriendo de cintas de videos, juegos de vídeo y además, equipos reproductores de vídeo, música y similares'),
(550, '713030', '713030 - Alquiler mobiliario para eventos (sillas, mesas, mesones, vajillas, toldos y relacionados'),
(551, '713090', '713090 - Alquiler de otros efectos personales y enseres domésticos n.c.p.'),
(552, '721000', '721000 - Consultores en equipos de informática (hardware)'),
(553, '722000', '722000 - Consultores en programas de informática y suministro de programas de informática'),
(554, '723000', '723000 - Procesamiento de datos'),
(555, '724000', '724000 - Actividades relacionadas con bases de datos'),
(556, '725000', '725000 - Mantenimiento y reparación de maquinaria de oficina, contabilidad e informática'),
(557, '726000', '726000 - Servicios integrales de informática'),
(558, '729000', '729000 - Otras actividades de informática'),
(559, '731000', '731000 - Investigaciones y desarrollo experimental en el campo de las ciencias naturales y la ingeniería'),
(560, '732000', '732000 - Investigaciones y desarrollo experimental en el campo de las ciencias sociales y las humanidades'),
(561, '741110', '741110 - Servicios jurídicos'),
(562, '741120', '741120 - Servicio notarial'),
(563, '741130', '741130 - Conservador de bienes raíces'),
(564, '741140', '741140 - Receptores judiciales'),
(565, '741190', '741190 - Arbitrajes, síndicos, peritos y otros'),
(566, '741200', '741200 - Actividades de contabilidad, teneduría de libros y auditoria; asesoramiento en materia de impuestos'),
(567, '741300', '741300 - Investigación de mercados y realización de encuestas de opinión pública'),
(568, '741400', '741400 - Actividades de asesoramiento empresarial y en materia de gestión'),
(569, '742110', '742110 - Servicios de arquitectura y técnico relacionado'),
(570, '742121', '742121 - Empresas de Servicios geológicos y de prospección'),
(571, '742122', '742122 - Servicios profesionales independientes en geológia y prospección'),
(572, '742131', '742131 - Empresas de Servicios de topografía y agrimensura'),
(573, '742132', '742132 - Servicios profesionales independientes de topografía y agrimensura'),
(574, '742141', '742141 - Servicios de ingeniería n.c.p. Prestados por empresas'),
(575, '742142', '742142 - Servicios de ingeniería n.c.p. prestados por profesionales independientes'),
(576, '742190', '742190 - Otros servicios técnicos relacionados n.c.p.'),
(577, '742210', '742210 - Servicio de Revisión Técnica de vehículos automotores'),
(578, '742290', '742290 - Otros servicios de ensayos y análisis técnicos'),
(579, '743001', '743001 - Empresas de Publicidad'),
(580, '743002', '743002 - Servicios personales independientes en Publicidad'),
(581, '749110', '749110 - Servicios de suministro de personal; Empresas de servicios transitorios'),
(582, '749190', '749190 - Servicios de reclutamiento de personal'),
(583, '749210', '749210 - Actividades de investigación'),
(584, '749221', '749221 - Servicios integrales de seguridad'),
(585, '749222', '749222 - Transporte de valores'),
(586, '749229', '749229 - Actividades de seguridad n.c.p.'),
(587, '749310', '749310 - Actividades de limpieza de edificios residenciales y no residenciales'),
(588, '749320', '749320 - Desratización y fumigación no agrícola'),
(589, '749401', '749401 - Servicios de revelado, impresión, ampliación de fotografías'),
(590, '749402', '749402 - Actividades de fotografía publicitaria'),
(591, '749409', '749409 - Otras actividades de fotografía n.c.p.'),
(592, '749500', '749500 - Servicios de envasado y empaque'),
(593, '749911', '749911 - Servicios de cobranza de cuentas'),
(594, '749912', '749912 - Evaluación y calificación del grado de solvencia'),
(595, '749913', '749913 - Asesorías en la gestión de la compra o venta de pequeñas y medianas empresas'),
(596, '749921', '749921 - Diseñadores de vestuario'),
(597, '749922', '749922 - Diseñadores de interiores'),
(598, '749929', '749929 - Otros diseñadores n.c.p.'),
(599, '749931', '749931 - Actividades de taquigrafía, reproducción, despacho de correspondencia, y labores de oficina en general'),
(600, '749932', '749932 - Servicios de redacción'),
(601, '749933', '749933 - Servicios de traducción e interpretación'),
(602, '749934', '749934 - Servicios de fotocopias'),
(603, '749940', '749940 - Agencias de contratación de actores'),
(604, '749950', '749950 - Actividades de subasta (martilleros)'),
(605, '749961', '749961 - Galerías de Arte'),
(606, '749962', '749962 - Ferias de exposiciones con fines empresariales'),
(607, '749970', '749970 - Servicios de contestación de llamadas (call center)'),
(608, '749990', '749990 - El resto de las otras actividades empresariales n.c.p.'),
(609, '751110', '751110 - Gobierno Central'),
(610, '751120', '751120 - Municipalidades'),
(611, '751200', '751200 - Actividades del Poder Juducial'),
(612, '751300', '751300 - Actividades del Poder Legislativo'),
(613, '752100', '752100 - Relaciones exteriores'),
(614, '752200', '752200 - Actividades de defensa'),
(615, '752300', '752300 - Actividades de mantenimiento del orden público y de seguridad'),
(616, '753010', '753010 - Actividades de planes de seguridad social de afiliación obligatoria relacionados con salud'),
(617, '753020', '753020 - Cajas de Compensación'),
(618, '753090', '753090 - Otras actividades de planes de seguridad social de afiliación obligatoria'),
(619, '801010', '801010 - Enseñanza preescolar '),
(620, '801020', '801020 - Enseñanza primaria'),
(621, '802100', '802100 - Enseñanza secundaria de  formación general'),
(622, '802200', '802200 - Enseñanza secundaria  de formación  técnica y profesional'),
(623, '803010', '803010 - Enseñanza en universidades'),
(624, '803020', '803020 - Enseñanzas en institutos profesionales'),
(625, '803030', '803030 - Enseñanzas en centros de formación técnica'),
(626, '809010', '809010 - Enseñanza primaria y secundaria para adultos'),
(627, '809020', '809020 - Enseñanza preuniversitaria'),
(628, '809030', '809030 - Educación extraescolar (escuela de conducción, música, modelaje, etc.)'),
(629, '809041', '809041 - Educación a distancia (Internet, correspondencia, otras)'),
(630, '809049', '809049 - Otros tipos de educación n.c.p., incluye servicios personales de enseñanza'),
(631, '851110', '851110 - Hospitales y Clínicas'),
(632, '851120', '851120 - Clínicas psiquiátricas, centros de rehabilitación, asilos y clínicas de reposo con pacientes internos y personal médico'),
(633, '851211', '851211 - Servicios de médicos en forma independiente'),
(634, '851212', '851212 - Centros médicos; en general establecimientos médicos de atención ambulatoria'),
(635, '851221', '851221 - Servicios de odontólogos en forma independiente'),
(636, '851222', '851222 - Centros de atención odontológica'),
(637, '851910', '851910 - Laboratorios clínicos, incluye bancos de sangre'),
(638, '851920', '851920 - Otros profesionales de la salud '),
(639, '851990', '851990 - Otras actividades relacionadas con la salud humana'),
(640, '852010', '852010 - Actividades de clínicas veterinarias'),
(641, '852021', '852021 - Servicios de médicos veterinarios en forma independiente'),
(642, '852029', '852029 - Servicios de otros profesionales independientes en el área veterinaria'),
(643, '853100', '853100 - Servicios sociales con alojamiento'),
(644, '853200', '853200 - Servicios sociales sin alojamiento'),
(645, '900010', '900010 - Servicios de vertederos'),
(646, '900020', '900020 - Barrido de exteriores'),
(647, '900030', '900030 - Recogida y eliminación de desechos'),
(648, '900040', '900040 - Servicios de Evacuación de RILes y aguas servidas'),
(649, '900050', '900050 - Servicios de Tratamiento de RILes y aguas servidas'),
(650, '900090', '900090 - Otras actividades de manejo de desperdicios'),
(651, '911100', '911100 - Actividades de organizaciones empresariales y de empleadores'),
(652, '911210', '911210 - Colegios profesionales'),
(653, '911290', '911290 - Actividades de otras organizaciones profesionales'),
(654, '912000', '912000 - Actividades de sindicatos'),
(655, '919100', '919100 - Actividades de organizaciones religiosas'),
(656, '919200', '919200 - Actividades de organizaciones políticas'),
(657, '919910', '919910 - Centros de madres y Unidades vecinales y comunales'),
(658, '919920', '919920 - Clubes sociales'),
(659, '919930', '919930 - Servicios de institutos de estudios, fundaciones, corporaciones de desarrollo (educación, salud), incluye servicios de preservación de medio ambiente'),
(660, '919990', '919990 - Actividades de otras asociaciones n.c.p. '),
(661, '921110', '921110 - Producción de películas cinematográficas'),
(662, '921120', '921120 - Distribuidora cinematográficas'),
(663, '921200', '921200 - Exhibición de filmes y videocintas'),
(664, '921310', '921310 - Actividades de televisión'),
(665, '921320', '921320 - Actividades de radio'),
(666, '921411', '921411 - Servicios de producción de recitales y otros eventos musicales masivos'),
(667, '921419', '921419 - Servicios de producción teatral y otros n.c.p.'),
(668, '921420', '921420 - Actividades de artistas: autores, compositores, pintores, compañías de teatro, orquestas, otros'),
(669, '921430', '921430 - Actividades artísticas: funciones de artistas, actores, músicos, conferencistas, otros.'),
(670, '921490', '921490 - Agencias de venta de billetes de teatro, salas de concierto y de teatro y otros locales; '),
(671, '921911', '921911 - Instructores de danza'),
(672, '921912', '921912 - Actividades de discotecas, cabaret, salas de baile y similares'),
(673, '921920', '921920 - Actividades de parques de atracciones y centros similares'),
(674, '921930', '921930 - Espectáculos circenses de títeres u otros similares'),
(675, '921990', '921990 - Las demás de otras actividades de entretenimientos n.c.p.'),
(676, '922001', '922001 - Agencias de noticias'),
(677, '922002', '922002 - Servicios periodisticos prestados por profesionales independientes'),
(678, '923100', '923100 - Actividades de bibliotecas y archivos'),
(679, '923200', '923200 - Actividades de museos y preservación de lugares y edificios históricos'),
(680, '923300', '923300 - Actividades de jardines botánicos y zoológicos y de parques nacionales'),
(681, '924110', '924110 - Explotación de instalaciones especializadas para las prácticas deportivas'),
(682, '924120', '924120 - Actividades de clubes de deportes y estadios'),
(683, '924131', '924131 - Fútbol profesional'),
(684, '924132', '924132 - Fútbol amateur'),
(685, '924140', '924140 - Hipódromos'),
(686, '924150', '924150 - Promoción y organización de espectáculos deportivos'),
(687, '924160', '924160 - Escuelas para deportes'),
(688, '924190', '924190 - Otras actividades relacionadas al deporte  n.c.p.'),
(689, '924911', '924911 - Sistemas de juegos de azar masivos.'),
(690, '924912', '924912 - Agencias de venta de juegos de azar'),
(691, '924920', '924920 - Actividades de casino de juegos'),
(692, '924930', '924930 - Salas de billar, bowling,  pool y juegos electrónicos'),
(693, '924940', '924940 - Contratación de actores para cine, TV, y teatro; incluye agencias de contratación de espectáculos teatrales y otros espectáculos recreativos'),
(694, '924990', '924990 - Otros servicios de diversión y esparcimientos n.c.p.'),
(695, '930100', '930100 - Lavado y limpieza de prendas de tela y de piel, incluso las limpiezas en seco'),
(696, '930200', '930200 - Peluquerías y salones de belleza'),
(697, '930310', '930310 - Servicios funerarios'),
(698, '930320', '930320 - Servicios en cementerios'),
(699, '930390', '930390 - Otras actividades de servicios funerarios y otras actividades conexas'),
(700, '930910', '930910 - Actividades de mantenimiento físico corporal (baños, turcos, saunas)'),
(701, '930990', '930990 - Otras actividades de servicios personales n.c.p.'),
(702, '950001', '950001 - Hogares privados individuales con servicio doméstico'),
(703, '950002', '950002 - Consejo de administración de edificios y condominios'),
(704, '990000', '990000 - Organizaciones y órganos extraterritoriales');

DROP TABLE IF EXISTS `st_ciuos`;
CREATE TABLE `st_ciuos` (
  `id` int(11) NOT NULL AUTO_INCREMENT,
  `codigo` varchar(255) DEFAULT NULL,
  `nombre` varchar(255) DEFAULT NULL,
  PRIMARY KEY (`id`)
) ENGINE=InnoDB DEFAULT CHARSET=utf8;

INSERT INTO `st_ciuos` (`id`, `codigo`, `nombre`) VALUES
(1, '1111', '1111 - Miembros del poder legislativo'),
(2, '1112', '1112 - Personal directivo de la administración pública'),
(3, '1113', '1113 - Jefes de pequeñas poblaciones'),
(4, '1114', '1114 - Dirigentes de organizaciones que presentan un interés especial'),
(5, '1120', '1120 - Directores generales y gerentes generales'),
(6, '1211', '1211 - Directores financieros'),
(7, '1212', '1212 - Directores de recursos humanos'),
(8, '1213', '1213 - Directores de políticas y planificación'),
(9, '1219', '1219 - Directores de administración y servicios no clasificados bajo otros epígrafes'),
(10,  '1221', '1221 - Directores de ventas y comercialización'),
(11,  '1222', '1222 - Directores de publicidad y relaciones públicas'),
(12,  '1223', '1223 - Directores de investigación y desarrollo'),
(13,  '1311', '1311 - Directores de producción agropecuaria y silvicultura'),
(14,  '1312', '1312 - Directores de producción de piscicultura y pesca'),
(15,  '1321', '1321 - Directores de industrias manufactureras'),
(16,  '1322', '1322 - Directores de explotaciones de minería'),
(17,  '1323', '1323 - Directores de empresas de construcción'),
(18,  '1324', '1324 - Directores de empresas de abastecimiento, distribución y afines'),
(19,  '1330', '1330 - Directores de servicios de tecnología de la información y las comunicaciones'),
(20,  '1341', '1341 - Directores de servicios de cuidados infantiles'),
(21,  '1342', '1342 - Directores de servicios de salud'),
(22,  '1343', '1343 - Directores de servicios de cuidado de las personas de edad'),
(23,  '1344', '1344 - Directores de servicios de bienestar social'),
(24,  '1345', '1345 - Directores de servicios de educación'),
(25,  '1346', '1346 - Gerentes de sucursales de bancos, de servicios financieros y de seguros'),
(26,  '1349', '1349 - Directores y gerentes de servicios profesionales no clasificados bajo otros epígrafes'),
(27,  '1411', '1411 - Gerentes de hoteles'),
(28,  '1412', '1412 - Gerentes de restaurantes'),
(29,  '1420', '1420 - Gerentes de comercios al por mayor y al por menor'),
(30,  '1431', '1431 - Gerentes de centros deportivos, de esparcimiento y culturales'),
(31,  '1439', '1439 - Gerentes de servicios no clasificados bajo otros epígrafes'),
(32,  '2111', '2111 - Físicos y astrónomos'),
(33,  '2112', '2112 - Meteorólogos'),
(34,  '2113', '2113 - Químicos'),
(35,  '2114', '2114 - Geólogos y geofísicos'),
(36,  '2120', '2120 - Matemáticos, actuarios y estadísticos'),
(37,  '2131', '2131 - Biólogos, botánicos, zoólogos y afines'),
(38,  '2132', '2132 - Agrónomos y afines'),
(39,  '2133', '2133 - Profesionales de la protección medioambiental'),
(40,  '2141', '2141 - Ingenieros industriales y de producción'),
(41,  '2142', '2142 - Ingenieros civiles'),
(42,  '2143', '2143 - Ingenieros medioambientales'),
(43,  '2144', '2144 - Ingenieros mecánicos'),
(44,  '2145', '2145 - Ingenieros químicos'),
(45,  '2146', '2146 - Ingenieros de minas, metalúrgicos y afines'),
(46,  '2149', '2149 - Ingenieros no clasificados bajo otros epígrafes'),
(47,  '2151', '2151 - Ingenieros electricistas'),
(48,  '2152', '2152 - Ingenieros electrónicos'),
(49,  '2153', '2153 - Ingenieros en telecomunicaciones'),
(50,  '2161', '2161 - Arquitectos'),
(51,  '2162', '2162 - Arquitectos paisajistas'),
(52,  '2163', '2163 - Diseñadores de productos y de prendas'),
(53,  '2164', '2164 - Urbanistas e ingenieros de tránsito'),
(54,  '2165', '2165 - Cartógrafos y agrimensores'),
(55,  '2166', '2166 - Diseñadores gráficos y multimedia'),
(56,  '2211', '2211 - Médicos generales'),
(57,  '2212', '2212 - Médicos especialistas'),
(58,  '2221', '2221 - Profesionales de enfermería'),
(59,  '2222', '2222 - Profesionales de partería'),
(60,  '2230', '2230 - Profesionales de medicina tradicional y alternativa'),
(61,  '2240', '2240 - Practicantes paramédicos'),
(62,  '2250', '2250 - Veterinarios'),
(63,  '2261', '2261 - Dentistas'),
(64,  '2262', '2262 - Farmacéuticos'),
(65,  '2263', '2263 - Profesionales de la salud y la higiene laboral y ambiental'),
(66,  '2264', '2264 - Fisioterapeutas'),
(67,  '2265', '2265 - Dietistas y nutricionistas'),
(68,  '2266', '2266 - Audiólogos y logopedas'),
(69,  '2267', '2267 - Optometristas'),
(70,  '2269', '2269 - Profesionales de la salud no clasificados bajo otros epígrafes'),
(71,  '2310', '2310 - Profesores de universidades y de la enseñanza superior'),
(72,  '2320', '2320 - Profesores de formación profesional'),
(73,  '2330', '2330 - Profesores de enseñanza secundaria'),
(74,  '2341', '2341 - Maestros de enseñanza primaria'),
(75,  '2342', '2342 - Maestros preescolares'),
(76,  '2351', '2351 - Especialistas en métodos pedagógicos'),
(77,  '2352', '2352 - Educadores para necesidades especiales'),
(78,  '2353', '2353 - Otros profesores de idiomas'),
(79,  '2354', '2354 - Otros profesores de música'),
(80,  '2355', '2355 - Otros profesores de artes'),
(81,  '2356', '2356 - Instructores en tecnología de la información'),
(82,  '2359', '2359 - Profesionales de la enseñanza no clasificados bajo otros epígrafes'),
(83,  '2411', '2411 - Contables'),
(84,  '2412', '2412 - Asesores financieros y en inversiones'),
(85,  '2413', '2413 - Analistas financieros'),
(86,  '2421', '2421 - Analistas de gestión y organización'),
(87,  '2422', '2422 - Especialistas en políticas de administración'),
(88,  '2423', '2423 - Especialistas en políticas y servicios de personal y afines'),
(89,  '2424', '2424 - Especialistas en formación del personal'),
(90,  '2431', '2431 - Profesionales de la publicidad y la comercialización'),
(91,  '2432', '2432 - Profesionales de relaciones públicas'),
(92,  '2433', '2433 - Profesionales de ventas técnicas y médicas (excluyendo la TIC)'),
(93,  '2434', '2434 - Profesionales de ventas de tecnología de la información y las comunicaciones'),
(94,  '2511', '2511 - Analistas de sistemas'),
(95,  '2512', '2512 - Desarrolladores de software'),
(96,  '2513', '2513 - Desarrolladores Web y multimedia'),
(97,  '2514', '2514 - Programadores de aplicaciones'),
(98,  '2519', '2519 - Desarrolladores y analistas de software y multimedia y analistas no clasificados bajo otros epígrafes'),
(99,  '2521', '2521 - Diseñadores y administradores de bases de datos'),
(100, '2522', '2522 - Administradores de sistemas'),
(101, '2523', '2523 - Profesionales en redes de computadores'),
(102, '2529', '2529 - Especialistas en bases de datos y en redes de computadores no clasificados bajo otros epígrafes'),
(103, '2611', '2611 - Abogados'),
(104, '2612', '2612 - Jueces'),
(105, '2619', '2619 - Profesionales en derecho no clasificados bajo otros epígrafes'),
(106, '2621', '2621 - Archivistas y curadores de museos'),
(107, '2622', '2622 - Bibliotecarios, documentalistas y afines'),
(108, '2631', '2631 - Economistas'),
(109, '2632', '2632 - Sociólogos, antropólogos y afines'),
(110, '2633', '2633 - Filósofos, historiadores y especialistas en ciencias políticas'),
(111, '2634', '2634 - Psicólogos'),
(112, '2635', '2635 - Profesionales del trabajo social'),
(113, '2636', '2636 - Profesionales religiosos'),
(114, '2641', '2641 - Autores y otros escritores'),
(115, '2642', '2642 - Periodistas'),
(116, '2643', '2643 - Traductores, intérpretes y lingüistas'),
(117, '2651', '2651 - Artistas de artes plásticas'),
(118, '2652', '2652 - Músicos, cantantes y compositores'),
(119, '2653', '2653 - Bailarines y coreógrafos'),
(120, '2654', '2654 - Directores de cine, de teatro y afines'),
(121, '2655', '2655 - Actores'),
(122, '2656', '2656 - Locutores de radio, televisión y otros medios de comunicación'),
(123, '2659', '2659 - Artistas creativos e interpretativos no clasificados bajo otros epígrafes'),
(124, '3111', '3111 - Técnicos en ciencias físicas y químicas'),
(125, '3112', '3112 - Técnicos en ingeniería civil'),
(126, '3113', '3113 - Electrotécnicos'),
(127, '3114', '3114 - Técnicos en electrónica'),
(128, '3115', '3115 - Técnicos en ingeniería mecánica'),
(129, '3116', '3116 - Técnicos en química industrial'),
(130, '3117', '3117 - Técnicos en ingeniería de minas y metalurgia'),
(131, '3118', '3118 - Delineantes y dibujantes técnicos'),
(132, '3119', '3119 - Técnicos en ciencias físicas y en ingeniería no clasificados bajo otros epígrafes'),
(133, '3121', '3121 - Supervisores en ingeniería de minas'),
(134, '3122', '3122 - Supervisores de industrias manufactureras'),
(135, '3123', '3123 - Supervisores de la construcción'),
(136, '3131', '3131 - Operadores de instalaciones de producción de energía'),
(137, '3132', '3132 - Operadores de incineradores, instalaciones de tratamiento de agua y afines'),
(138, '3133', '3133 - Controladores de instalaciones de procesamiento de productos químicos'),
(139, '3134', '3134 - Operadores de instalaciones de refinación de petróleo y gas natural'),
(140, '3135', '3135 - Controladores de procesos de producción de metales'),
(141, '3139', '3139 - Técnicos en control de procesos no clasificados bajo otros epígrafes'),
(142, '3141', '3141 - Técnicos en ciencias biológicas (excluyendo la medicina)'),
(143, '3142', '3142 - Técnicos agropecuarios'),
(144, '3143', '3143 - Técnicos forestales'),
(145, '3151', '3151 - Oficiales maquinistas en navegación'),
(146, '3152', '3152 - Capitanes, oficiales de cubierta y prácticos'),
(147, '3153', '3153 - Pilotos de aviación y afines'),
(148, '3154', '3154 - Controladores de tráfico aéreo'),
(149, '3155', '3155 - Técnicos en seguridad aeronáutica'),
(150, '3211', '3211 - Técnicos en aparatos de diagnóstico y tratamiento médico'),
(151, '3212', '3212 - Técnicos de laboratorios médicos'),
(152, '3213', '3213 - Técnicos y asistentes farmacéuticos'),
(153, '3214', '3214 - Técnicos de prótesis médicas y dentales'),
(154, '3221', '3221 - Profesionales de nivel medio de enfermería'),
(155, '3222', '3222 - Profesionales de nivel medio de partería'),
(156, '3230', '3230 - Profesionales de nivel medio de medicina tradicional y alternativa'),
(157, '3240', '3240 - Técnicos y asistentes veterinarios'),
(158, '3251', '3251 - Dentistas auxiliares y ayudantes de odontología'),
(159, '3252', '3252 - Técnicos en documentación sanitaria'),
(160, '3253', '3253 - Trabajadores comunitarios de la salud'),
(161, '3254', '3254 - Técnicos en optometría y ópticos'),
(162, '3255', '3255 - Técnicos y asistentes fisioterapeutas'),
(163, '3256', '3256 - Practicantes y asistentes médicos'),
(164, '3257', '3257 - Inspectores de la salud laboral, medioambiental y afines'),
(165, '3258', '3258 - Ayudantes de ambulancias'),
(166, '3259', '3259 - Profesionales de la salud de nivel medio no clasificados bajo otros epígrafes'),
(167, '3311', '3311 - Agentes de bolsa, cambio y otros servicios financieros'),
(168, '3312', '3312 - Oficiales de préstamos y créditos'),
(169, '3313', '3313 - Tenedores de libros'),
(170, '3314', '3314 - Profesionales de nivel medio de servicios estadísticos, matemáticos y afines'),
(171, '3315', '3315 - Tasadores'),
(172, '3321', '3321 - Agentes de seguros'),
(173, '3322', '3322 - Representantes comerciales'),
(174, '3323', '3323 - Agentes de compras'),
(175, '3324', '3324 - Agentes de compras y consignatarios'),
(176, '3331', '3331 - Declarantes o gestores de aduana'),
(177, '3332', '3332 - Organizadores de conferencias y eventos'),
(178, '3333', '3333 - Agentes de empleo y contratistas de mano de obra'),
(179, '3334', '3334 - Agentes inmobiliarios'),
(180, '3339', '3339 - Agentes de servicios comerciales no clasificados bajo otros epígrafes'),
(181, '3341', '3341 - Supervisores de secretaría'),
(182, '3342', '3342 - Secretarios jurídicos'),
(183, '3343', '3343 - Secretarios administrativos y ejecutivos'),
(184, '3344', '3344 - Secretarios médicos'),
(185, '3351', '3351 - Agentes de aduana e inspectores de fronteras'),
(186, '3352', '3352 - Agentes de administración tributaria'),
(187, '3353', '3353 - Agentes de servicios de seguridad social'),
(188, '3354', '3354 - Agentes de servicios de expedición de licencias y permisos'),
(189, '3355', '3355 - Inspectores de policía y detectives'),
(190, '3359', '3359 - Agentes de la administración pública para la aplicacion de la ley y afines no clasificados bajo otros epígrafes'),
(191, '3411', '3411 - Profesionales de nivel medio del derecho y servicios legales y afines'),
(192, '3412', '3412 - Trabajadores y asistentes sociales de nivel medio'),
(193, '3413', '3413 - Auxiliares laicos de las religiones'),
(194, '3421', '3421 - Atletas y deportistas'),
(195, '3422', '3422 - Entrenadores, instructores y árbitros de actividades deportivas'),
(196, '3423', '3423 - Instructores de educación física y actividades recreativas'),
(197, '3431', '3431 - Fotógrafos'),
(198, '3432', '3432 - Diseñadores y decoradores de interior'),
(199, '3433', '3433 - Técnicos en galerías de arte, museos y bibliotecas'),
(200, '3434', '3434 - Chefs'),
(201, '3435', '3435 - Otros profesionales de nivel medio en actividades culturales y artísticas'),
(202, '3511', '3511 - Técnicos en operaciones de tecnología de la información y las comunicaciones'),
(203, '3512', '3512 - Técnicos en asistencia al usuario de tecnología de la información y las comunicaciones'),
(204, '3513', '3513 - Técnicos en redes y sistemas de computadores'),
(205, '3514', '3514 - Técnicos de la Web'),
(206, '3521', '3521 - Técnicos de radiodifusión y grabación audio visual'),
(207, '3522', '3522 - Técnicos de ingeniería de las telecomunicaciones'),
(208, '4110', '4110 - Oficinistas generales'),
(209, '4120', '4120 - Secretarios (general)'),
(210, '4131', '4131 - Operadores de máquinas de procesamiento de texto y mecanógrafos'),
(211, '4132', '4132 - Grabadores de datos'),
(212, '4211', '4211 - Cajeros de bancos y afines'),
(213, '4212', '4212 - Receptores de apuestas y afines'),
(214, '4213', '4213 - Prestamistas'),
(215, '4214', '4214 - Cobradores y afines'),
(216, '4221', '4221 - Empleados de agencias de viajes'),
(217, '4222', '4222 - Empleados de centros de llamadas'),
(218, '4223', '4223 - Telefonistas'),
(219, '4224', '4224 - Recepcionistas de hoteles'),
(220, '4225', '4225 - Empleados de ventanillas de informaciones'),
(221, '4226', '4226 - Recepcionistas (general)'),
(222, '4227', '4227 - Entrevistadores de encuestas y de investigaciones de mercados'),
(223, '4229', '4229 - Empleados de servicios de información al cliente no clasificados bajo otros epígrafes'),
(224, '4311', '4311 - Empleados de contabilidad y cálculo de costos'),
(225, '4312', '4312 - Empleados de servicios estadísticos, financieros y de seguros'),
(226, '4313', '4313 - Empleados encargados de las nóminas'),
(227, '4321', '4321 - Empleados de control de abastecimientos e inventario'),
(228, '4322', '4322 - Empleados de servicios de apoyo a la producción'),
(229, '4323', '4323 - Empleados de servicios de transporte'),
(230, '4411', '4411 - Empleados de bibliotecas'),
(231, '4412', '4412 - Empleados de servicios de correos'),
(232, '4413', '4413 - Codificadores de datos, correctores de pruebas de imprenta y afines'),
(233, '4414', '4414 - Escribientes públicos y afines'),
(234, '4415', '4415 - Empleados de archivos'),
(235, '4416', '4416 - Empleados del servicio de personal'),
(236, '4419', '4419 - Personal de apoyo administrativo no clasificado bajo otros epígrafes'),
(237, '5111', '5111 - Auxiliares de servicio de abordo'),
(238, '5112', '5112 - Revisores y cobradores de los transportes públicos'),
(239, '5113', '5113 - Guías de turismo'),
(240, '5120', '5120 - Cocineros'),
(241, '5131', '5131 - Camareros de mesas'),
(242, '5132', '5132 - Camareros de barra'),
(243, '5141', '5141 - Peluqueros'),
(244, '5142', '5142 - Especialistas en tratamientos de belleza y afines'),
(245, '5151', '5151 - Supervisores de mantenimiento y limpieza en oficinas, hoteles y otros establecimientos'),
(246, '5152', '5152 - Ecónomos y mayordomos domésticos'),
(247, '5153', '5153 - Conserjes'),
(248, '5161', '5161 - Astrólogos, adivinadores y afines'),
(249, '5162', '5162 - Acompañantes y ayudantes de cámara'),
(250, '5163', '5163 - Personal de pompas fúnebres y embalsamadores'),
(251, '5164', '5164 - Cuidadores de animales'),
(252, '5165', '5165 - Instructores de autoescuela'),
(253, '5169', '5169 - Trabajadores de servicios personales no clasificados bajo otros epígrafes'),
(254, '5211', '5211 - Vendedores de quioscos y de puestos de mercado'),
(255, '5212', '5212 - Vendedores ambulantes de productos comestibles'),
(256, '5221', '5221 - Comerciantes de tiendas'),
(257, '5222', '5222 - Supervisores de tiendas y almacenes'),
(258, '5223', '5223 - Asistentes de venta de tiendas y almacenes'),
(259, '5230', '5230 - Cajeros y expendedores de billetes'),
(260, '5241', '5241 - Modelos de moda, arte y publicidad'),
(261, '5242', '5242 - Demostradores de tiendas'),
(262, '5243', '5243 - Vendedores puerta a puerta'),
(263, '5244', '5244 - Vendedores por teléfono'),
(264, '5245', '5245 - Expendedores de gasolineras'),
(265, '5246', '5246 - Vendedores de comidas al mostrador'),
(266, '5249', '5249 - Vendedores no clasificados bajo otros epígrafes'),
(267, '5311', '5311 - Cuidadores de niños'),
(268, '5312', '5312 - Auxiliares de maestros'),
(269, '5321', '5321 - Trabajadores de los cuidados personales en instituciones'),
(270, '5322', '5322 - Trabajadores de los cuidados personales a domicilio'),
(271, '5329', '5329 - Trabajadores de los cuidados personales en servicios de salud no clasificados bajo otros epígrafes'),
(272, '5411', '5411 - Bomberos'),
(273, '5412', '5412 - Policías'),
(274, '5413', '5413 - Guardianes de prisión'),
(275, '5414', '5414 - Guardias de protección'),
(276, '5419', '5419 - Personal de los servicios de protección no clasificados bajo otros epígrafes'),
(277, '6111', '6111 - Agricultores y trabajadores calificados de cultivos extensivos'),
(278, '6112', '6112 - Agricultores y trabajadores calificados de plantaciones de árboles y arbustos'),
(279, '6113', '6113 - Agricultores y trabajadores calificados de huertas, invernaderos, viveros y jardines'),
(280, '6114', '6114 - Agricultores y trabajadores calificados de cultivos mixtos'),
(281, '6121', '6121 - Criadores de ganado'),
(282, '6122', '6122 - Avicultores y trabajadores calificados de la avicultura'),
(283, '6123', '6123 - Apicultores y sericultores y trabajadores calificados de la apicultura y la sericultura'),
(284, '6129', '6129 - Criadores y trabajadores pecuarios calificados de la cría de animales no clasificados bajo otros epígrafes'),
(285, '6130', '6130 - Productores y trabajadores calificados de explotaciones agropecuarias mixtas cuya producción se destina al mercado'),
(286, '6210', '6210 - Trabajadores forestales calificados y afines'),
(287, '6221', '6221 - Trabajadores de explotaciones de acuicultura'),
(288, '6222', '6222 - Pescadores de agua dulce y en aguas costeras'),
(289, '6223', '6223 - Pescadores de alta mar'),
(290, '6224', '6224 - Cazadores y tramperos'),
(291, '6310', '6310 - Trabajadores agrícolas de subsistencia'),
(292, '6320', '6320 - Trabajadores pecuarios de subsistencia'),
(293, '6330', '6330 - Trabajadores agropecuarios de subsistencia'),
(294, '6340', '6340 - Pescadores, cazadores, tramperos y recolectores de subsistencia'),
(295, '7111', '7111 - Constructores de casas'),
(296, '7112', '7112 - Albañiles'),
(297, '7113', '7113 - Mamposteros, tronzadores, labrantes y grabadores de piedra'),
(298, '7114', '7114 - Operarios en cemento armado, enfoscadores y afines'),
(299, '7115', '7115 - Carpinteros de armar y de obra blanca'),
(300, '7119', '7119 - Oficiales y operarios de la construcción (obra gruesa) y afines no clasificados bajo otros epígrafes'),
(301, '7121', '7121 - Techadores'),
(302, '7122', '7122 - Parqueteros y colocadores de suelos'),
(303, '7123', '7123 - Revocadores'),
(304, '7124', '7124 - Instaladores de material aislante y de insonorización'),
(305, '7125', '7125 - Cristaleros'),
(306, '7126', '7126 - Fontaneros e instaladores de tuberías'),
(307, '7127', '7127 - Mecánicos-montadores de instalaciones de refrigeración y climatización'),
(308, '7131', '7131 - Pintores y empapeladores'),
(309, '7132', '7132 - Barnizadores y afines'),
(310, '7133', '7133 - Limpiadores de fachadas y deshollinadores'),
(311, '7211', '7211 - Moldeadores y macheros'),
(312, '7212', '7212 - Soldadores y oxicortadores'),
(313, '7213', '7213 - Chapistas y caldereros'),
(314, '7214', '7214 - Montadores de estructuras metálicas'),
(315, '7215', '7215 - Aparejadores y empalmadores de cables'),
(316, '7221', '7221 - Herreros y forjadores'),
(317, '7222', '7222 - Herramentistas y afines'),
(318, '7223', '7223 - Reguladores y operadores de máquinas herramientas'),
(319, '7224', '7224 - Pulidores de metales y afiladores de herramientas'),
(320, '7231', '7231 - Mecánicos y reparadores de vehículos de motor'),
(321, '7232', '7232 - Mecánicos y reparadores de motores de avión'),
(322, '7233', '7233 - Mecánicos y reparadores de máquinas agrícolas e industriales'),
(323, '7234', '7234 - Reparadores de bicicletas y afines'),
(324, '7311', '7311 - Mecánicos y reparadores de instrumentos de precisión'),
(325, '7312', '7312 - Fabricantes y afinadores de instrumentos musicales'),
(326, '7313', '7313 - Joyeros, orfebres y plateros'),
(327, '7314', '7314 - Alfareros y afines (barro, arcilla y abrasivos)'),
(328, '7315', '7315 - Sopladores, modeladores, laminadores, cortadores y pulidores de vidrio'),
(329, '7316', '7316 - Redactores de carteles, pintores decorativos y grabadores'),
(330, '7317', '7317 - Artesanos en madera, cestería y materiales similares'),
(331, '7318', '7318 - Artesanos de los tejidos, el cuero y materiales similares'),
(332, '7319', '7319 - Artesanos no clasificados bajo otros epígrafes'),
(333, '7321', '7321 - Cajistas, tipógrafos y afines'),
(334, '7322', '7322 - Impresores'),
(335, '7323', '7323 - Encuadernadores y afines'),
(336, '7411', '7411 - Electricistas de obras y afines'),
(337, '7412', '7412 - Mecánicos y ajustadores electricistas'),
(338, '7413', '7413 - Instaladores y reparadores de líneas eléctricas'),
(339, '7421', '7421 - Mecánicos y reparadores en electrónica'),
(340, '7422', '7422 - Instaladores y reparadores en tecnología de la información y las comunicaciones'),
(341, '7511', '7511 - Carniceros, pescaderos y afines'),
(342, '7512', '7512 - Panaderos, pasteleros y confiteros'),
(343, '7513', '7513 - Operarios de la elaboración de productos lácteos'),
(344, '7514', '7514 - Operarios de la conservación de frutas, legumbres, verduras y afines'),
(345, '7515', '7515 - Catadores y clasificadores de alimentos y bebidas'),
(346, '7516', '7516 - Preparadores y elaboradores de tabaco y sus productos'),
(347, '7521', '7521 - Operarios del tratamiento de la madera'),
(348, '7522', '7522 - Ebanistas y afines'),
(349, '7523', '7523 - Reguladores y operadores de máquinas de labrar madera'),
(350, '7531', '7531 - Sastres, modistos, peleteros y sombrereros'),
(351, '7532', '7532 - Patronistas y cortadores de tela y afines'),
(352, '7533', '7533 - Costureros, bordadores y afines'),
(353, '7534', '7534 - Tapiceros, colchoneros y afines'),
(354, '7535', '7535 - Apelambradores, pellejeros y curtidores'),
(355, '7536', '7536 - Zapateros y afines'),
(356, '7541', '7541 - Buzos'),
(357, '7542', '7542 - Dinamiteros y pegadores'),
(358, '7543', '7543 - Clasificadores y probadores de productos (excluyendo alimentos y bebidas)'),
(359, '7544', '7544 - Fumigadores y otros controladores de plagas y malas hierbas'),
(360, '7549', '7549 - Oficiales, operarios y artesanos de artes mecánicas y de otros oficios no clasificados bajo otros epígrafes'),
(361, '8111', '8111 - Mineros y operadores de instalaciones mineras'),
(362, '8112', '8112 - Operadores de instalaciones de procesamiento de minerales y rocas'),
(363, '8113', '8113 - Perforadores y sondistas de pozos y afines'),
(364, '8114', '8114 - Operadores de máquinas para fabricar cemento y otros productos minerales'),
(365, '8121', '8121 - Operadores de instalaciones de procesamiento de metales'),
(366, '8122', '8122 - Operadores de máquinas pulidoras, galvanizadoras y recubridoras de metales'),
(367, '8131', '8131 - Operadores de plantas y máquinas de productos químicos'),
(368, '8132', '8132 - Operadores de máquinas para fabricar productos fotográficos'),
(369, '8141', '8141 - Operadores de máquinas para fabricar productos de caucho'),
(370, '8142', '8142 - Operadores de máquinas para fabricar productos de material plástico'),
(371, '8143', '8143 - Operadores de máquinas para fabricar productos de papel'),
(372, '8151', '8151 - Operadores de máquinas de preparación de fibras, hilado y devanado'),
(373, '8152', '8152 - Operadores de telares y otras máquinas tejedoras'),
(374, '8153', '8153 - Operadores de máquinas de coser'),
(375, '8154', '8154 - Operadores de máquinas de blanqueamiento, teñido y limpieza de tejidos'),
(376, '8155', '8155 - Operadores de máquinas de tratamiento de pieles y cueros'),
(377, '8156', '8156 - Operadores de máquinas para la fabricación de calzado y afines'),
(378, '8157', '8157 - Operadores de máquinas lavarropas'),
(379, '8159', '8159 - Operadores de máquinas para fabricar productos textiles y artículos de piel y cuero no clasificados bajo otros epígrafes'),
(380, '8160', '8160 - Operadores de máquinas para elaborar alimentos y productos afines'),
(381, '8171', '8171 - Operadores de instalaciones para la preparación de pasta para papel y papel'),
(382, '8172', '8172 - Operadores de instalaciones de procesamiento de la madera'),
(383, '8181', '8181 - Operadores de instalaciones de vidriería y cerámica'),
(384, '8182', '8182 - Operadores de máquinas de vapor y calderas'),
(385, '8183', '8183 - Operadores de máquinas de embalaje, embotellamiento y etiquetado'),
(386, '8189', '8189 - Operadores de máquinas y de instalaciones fijas no clasificados bajo otros epígrafes'),
(387, '8211', '8211 - Ensambladores de maquinaria mecánica'),
(388, '8212', '8212 - Ensambladores de equipos eléctricos y electrónicos'),
(389, '8219', '8219 - Ensambladores no clasificados bajo otros epígrafes'),
(390, '8311', '8311 - Maquinistas de locomotoras'),
(391, '8312', '8312 - Guardafrenos, guardagujas y agentes de maniobras'),
(392, '8321', '8321 - Conductores de motocicletas'),
(393, '8322', '8322 - Conductores de automóviles, taxis y camionetas'),
(394, '8331', '8331 - Conductores de autobuses y tranvías'),
(395, '8332', '8332 - Conductores de camiones pesados'),
(396, '8341', '8341 - Operadores de maquinaria agrícola y forestal móvil'),
(397, '8342', '8342 - Operadores de máquinas de movimiento de tierras y afines'),
(398, '8343', '8343 - Operadores de grúas, aparatos elevadores y afines'),
(399, '8344', '8344 - Operadores de autoelevadoras'),
(400, '8350', '8350 - Marineros de cubierta y afines'),
(401, '9111', '9111 - Limpiadores y asistentes domésticos'),
(402, '9112', '9112 - Limpiadores y asistentes de oficinas, hoteles y otros establecimientos'),
(403, '9121', '9121 - Lavanderos y planchadores manuales'),
(404, '9122', '9122 - Lavadores de vehículos'),
(405, '9123', '9123 - Lavadores de ventanas'),
(406, '9129', '9129 - Otro personal de limpieza'),
(407, '9211', '9211 - Peones de explotaciones agrícolas'),
(408, '9212', '9212 - Peones de explotaciones ganaderas'),
(409, '9213', '9213 - Peones de explotaciones de cultivos mixtos y ganaderos'),
(410, '9214', '9214 - Peones de jardinería y horticultura'),
(411, '9215', '9215 - Peones forestales'),
(412, '9216', '9216 - Peones de pesca y acuicultura'),
(413, '9311', '9311 - Peones de minas y canteras'),
(414, '9312', '9312 - Peones de obras públicas y mantenimiento'),
(415, '9313', '9313 - Peones de la construcción de edificios'),
(416, '9321', '9321 - Empacadores manuales'),
(417, '9329', '9329 - Peones de la industria manufacturera no clasificados bajo otros epígrafes'),
(418, '9331', '9331 - Conductores de vehículos accionados a pedal o a brazo'),
(419, '9332', '9332 - Conductores de vehículos y máquinas de tracción animal'),
(420, '9333', '9333 - Peones de carga'),
(421, '9334', '9334 - Reponedores de estanterías'),
(422, '9411', '9411 - Cocineros de comidas rápidas'),
(423, '9412', '9412 - Ayudantes de cocina'),
(424, '9510', '9510 - Trabajadores ambulantes de servicios y afines'),
(425, '9520', '9520 - Vendedores ambulantes (excluyendo de comida)'),
(426, '9611', '9611 - Recolectores de basura y material reciclable'),
(427, '9612', '9612 - Clasificadores de desechos'),
(428, '9613', '9613 - Barrenderos y afines'),
(429, '9621', '9621 - Mensajeros, mandaderos, maleteros y repartidores'),
(430, '9622', '9622 - Personas que realizan trabajos varios'),
(431, '9623', '9623 - Recolectores de dinero en aparatos de venta automática y lectores de medidores'),
(432, '9624', '9624 - Acarreadores de agua y recolectores de leña'),
(433, '9629', '9629 - Ocupaciones elementales no clasificadas bajo otros epígrafes'),
(434, '9901', '9901 - SILICE - Operario de Limpiadora a presión'),
(435, '9902', '9902 - SILICE - Operador Chancador'),
(436, '9903', '9903 - SILICE - Perforador de Rocas'),
(437, '9904', '9904 - SILICE - Pulidor de piezas que contienen sílice'),
(438, '9905', '9905 - SILICE - Lijador de piezas que contienen sílice'),
(439, '9906', '9906 - SILICE - Fabricación de pastelones y cerámicas'),
(440, '9907', '9907 - SILICE - Albañil colocador de ladrillos'),
(441, '9908', '9908 - SILICE - Laboratorista dental'),
(442, '9909', '9909 - SILICE - Mecánicos de mantención de sistema de captación de polvo'),
(443, '9910', '9910 - SILICE - Envasador'),
(444, '9911', '9911 - SILICE - Operador molino'),
(445, '9912', '9912 - SILICE - Operador harnero'),
(446, '9913', '9913 - SILICE - Aseador'),
(447, '9914', '9914 - SILICE - Operador laminadora'),
(448, '9915', '9915 - SILICE - Operador maquinaria pesada'),
(449, '9916', '9916 - SILICE - Operario molde en fundición'),
(450, '9917', '9917 - SILICE - Astilleros'),
(451, '9918', '9918 - SILICE - Tallador y pulidor de vidrios'),
(452, '9919', '9919 - SILICE - Mármolero'),
(453, '9920', '9920 - SILICE - Concretero'),
(454, '0110', '0110 - Oficiales de las fuerzas armadas'),
(455, '0210', '0210 - Suboficiales de las fuerzas armadas'),
(456, '0310', '0310 - Otros miembros de las fuerzas armadas');

DROP TABLE IF EXISTS `st_comunas`;
CREATE TABLE `st_comunas` (
  `id` int(11) NOT NULL AUTO_INCREMENT,
  `codigo` varchar(255) DEFAULT NULL,
  `nombre` varchar(255) DEFAULT NULL,
  PRIMARY KEY (`id`)
) ENGINE=InnoDB DEFAULT CHARSET=utf8;

INSERT INTO `st_comunas` (`id`, `codigo`, `nombre`) VALUES
(1, '15101',  'Arica'),
(2, '15102',  'Camarones'),
(3, '15201',  'Putre'),
(4, '15202',  'General Lagos'),
(5, '01101',  'Iquique'),
(6, '01107',  'Alto Hospicio'),
(7, '01401',  'Pozo Almonte'),
(8, '01402',  'Camiña'),
(9, '01403',  'Colchane'),
(10,  '01404',  'Huara'),
(11,  '01405',  'Pica'),
(12,  '02101',  'Antofagasta'),
(13,  '02102',  'Mejillones'),
(14,  '02103',  'Sierra Gorda'),
(15,  '02104',  'Taltal'),
(16,  '02201',  'Calama'),
(17,  '02202',  'Ollagüe'),
(18,  '02203',  'San Pedro de Atacama'),
(19,  '02301',  'Tocopilla'),
(20,  '02302',  'María Elena'),
(21,  '03101',  'Copiapó'),
(22,  '03102',  'Caldera'),
(23,  '03103',  'Tierra Amarilla'),
(24,  '03201',  'Chañaral'),
(25,  '03202',  'Diego de Almagro'),
(26,  '03301',  'Vallenar'),
(27,  '03302',  'Alto del Carmen'),
(28,  '03303',  'Freirina'),
(29,  '03304',  'Huasco'),
(30,  '04101',  'La Serena'),
(31,  '04102',  'Coquimbo'),
(32,  '04103',  'Andacollo'),
(33,  '04104',  'La Higuera'),
(34,  '04105',  'Paiguano'),
(35,  '04106',  'Vicuña'),
(36,  '04201',  'Illapel'),
(37,  '04202',  'Canela'),
(38,  '04203',  'Los Vilos'),
(39,  '04204',  'Salamanca'),
(40,  '04301',  'Ovalle'),
(41,  '04302',  'Combarbalá'),
(42,  '04303',  'Monte Patria'),
(43,  '04304',  'Punitaqui'),
(44,  '04305',  'Río Hurtado'),
(45,  '05101',  'Valparaíso'),
(46,  '05102',  'Casablanca'),
(47,  '05103',  'Concón'),
(48,  '05104',  'Juan Fernández '),
(49,  '05105',  'Puchuncaví'),
(50,  '05106',  'QuilpuéUso desaconsejado, utilizar código 05801'),
(51,  '05107',  'Quintero'),
(52,  '05108',  'Villa AlemanaUso desaconsejado, utilizar código 05804'),
(53,  '05109',  'Viña del Mar'),
(54,  '05201',  'Isla de Pascua'),
(55,  '05301',  'Los Andes'),
(56,  '05302',  'Calle Larga'),
(57,  '05303',  'Rinconada'),
(58,  '05304',  'San Esteban'),
(59,  '05401',  'La Ligua  '),
(60,  '05402',  'Cabildo'),
(61,  '05403',  'Papudo'),
(62,  '05404',  'Petorca   '),
(63,  '05405',  'Zapallar'),
(64,  '05501',  'Quillota'),
(65,  '05502',  'Calera'),
(66,  '05503',  'Hijuelas'),
(67,  '05504',  'La Cruz'),
(68,  '05505',  'LimacheUso desaconsejado, utilizar código 05802'),
(69,  '05506',  'Nogales'),
(70,  '05507',  'OlmuéUso desaconsejado, utilizar código 05803'),
(71,  '05601',  'San Antonio'),
(72,  '05602',  'Algarrobo'),
(73,  '05603',  'Cartagena'),
(74,  '05604',  'El Quisco'),
(75,  '05605',  'El Tabo'),
(76,  '05606',  'Santo Domingo'),
(77,  '05701',  'San Felipe'),
(78,  '05702',  'Catemu'),
(79,  '05703',  'Llaillay'),
(80,  '05704',  'Panquehue'),
(81,  '05705',  'Putaendo'),
(82,  '05706',  'Santa María'),
(83,  '05801',  'Quilpué'),
(84,  '05802',  'Limache'),
(85,  '05803',  'Olmué'),
(86,  '05804',  'Villa Alemana'),
(87,  '06101',  'Rancagua'),
(88,  '06102',  'Codegua'),
(89,  '06103',  'Coinco'),
(90,  '06104',  'Coltauco'),
(91,  '06105',  'Doñihue'),
(92,  '06106',  'Graneros'),
(93,  '06107',  'Las Cabras'),
(94,  '06108',  'Machalí'),
(95,  '06109',  'Malloa'),
(96,  '06110',  'Mostazal'),
(97,  '06111',  'Olivar'),
(98,  '06112',  'Peumo'),
(99,  '06113',  'Pichidegua'),
(100, '06114',  'Quinta de Tilcoco'),
(101, '06115',  'Rengo'),
(102, '06116',  'Requínoa'),
(103, '06117',  'San Vicente'),
(104, '06201',  'Pichilemu'),
(105, '06202',  'La Estrella '),
(106, '06203',  'Litueche'),
(107, '06204',  'Marchihue'),
(108, '06205',  'Navidad  '),
(109, '06206',  'Paredones'),
(110, '06301',  'San Fernando'),
(111, '06302',  'Chépica'),
(112, '06303',  'Chimbarongo'),
(113, '06304',  'Lolol'),
(114, '06305',  'Nancagua'),
(115, '06306',  'Palmilla'),
(116, '06307',  'Peralillo'),
(117, '06308',  'Placilla'),
(118, '06309',  'Pumanque'),
(119, '06310',  'Santa Cruz'),
(120, '07101',  'Talca'),
(121, '07102',  'Constitución'),
(122, '07103',  'Curepto'),
(123, '07104',  'Empedrado'),
(124, '07105',  'Maule'),
(125, '07106',  'Pelarco'),
(126, '07107',  'Pencahue'),
(127, '07108',  'Río Claro'),
(128, '07109',  'San Clemente'),
(129, '07110',  'San Rafael'),
(130, '07201',  'Cauquenes'),
(131, '07202',  'Chanco'),
(132, '07203',  'Pelluhue'),
(133, '07301',  'Curicó'),
(134, '07302',  'Hualañé'),
(135, '07303',  'Licantén'),
(136, '07304',  'Molina'),
(137, '07305',  'Rauco'),
(138, '07306',  'Romeral'),
(139, '07307',  'Sagrada Familia'),
(140, '07308',  'Teno'),
(141, '07309',  'Vichuquén '),
(142, '07401',  'Linares'),
(143, '07402',  'Colbún'),
(144, '07403',  'Longaví'),
(145, '07404',  'Parral'),
(146, '07405',  'Retiro'),
(147, '07406',  'San Javier'),
(148, '07407',  'Villa Alegre'),
(149, '07408',  'Yerbas Buenas'),
(150, '08101',  'Concepción'),
(151, '08102',  'Coronel'),
(152, '08103',  'Chiguayante'),
(153, '08104',  'Florida'),
(154, '08105',  'Hualqui'),
(155, '08106',  'Lota '),
(156, '08107',  'Penco'),
(157, '08108',  'San Pedro de la Paz'),
(158, '08109',  'Santa Juana'),
(159, '08110',  'Talcahuano'),
(160, '08111',  'Tomé'),
(161, '08112',  'H ualpén'),
(162, '08201',  'Lebu'),
(163, '08202',  'Arauco'),
(164, '08203',  'Cañete'),
(165, '08204',  'Contulmo'),
(166, '08205',  'Curanilahue'),
(167, '08206',  'Los Alamos'),
(168, '08207',  'Tirúa'),
(169, '08301',  'Los Angeles'),
(170, '08302',  'Antuco'),
(171, '08303',  'Cabrero'),
(172, '08304',  'Laja'),
(173, '08305',  'Mulchén'),
(174, '08306',  'Nacimiento'),
(175, '08307',  'Negrete'),
(176, '08308',  'Quilaco'),
(177, '08309',  'Quilleco'),
(178, '08310',  'San Rosendo'),
(179, '08311',  'Santa Bárbara'),
(180, '08312',  'Tucapel'),
(181, '08313',  'Yumbel'),
(182, '08314',  'Alto Biobío'),
(183, '08401',  'Chillán'),
(184, '08402',  'Bulnes'),
(185, '08403',  'Cobquecura'),
(186, '08404',  'Coelemu'),
(187, '08405',  'Coihueco'),
(188, '08406',  'Chillán Viejo'),
(189, '08407',  'El Carmen'),
(190, '08408',  'Ninhue'),
(191, '08409',  'Ñiquén'),
(192, '08410',  'Pemuco'),
(193, '08411',  'Pinto'),
(194, '08412',  'Portezuelo'),
(195, '08413',  'Quillón'),
(196, '08414',  'Quirihue'),
(197, '08415',  'Ránquil '),
(198, '08416',  'San Carlos'),
(199, '08417',  'San Fabián'),
(200, '08418',  'San Ignacio'),
(201, '08419',  'San Nicolás'),
(202, '08420',  'Treguaco '),
(203, '08421',  'Yungay'),
(204, '09101',  'Temuco'),
(205, '09102',  'Carahue'),
(206, '09103',  'Cunco'),
(207, '09104',  'Curarrehue'),
(208, '09105',  'Freire'),
(209, '09106',  'Galvarino'),
(210, '09107',  'Gorbea'),
(211, '09108',  'Lautaro'),
(212, '09109',  'Loncoche'),
(213, '09110',  'Melipeuco'),
(214, '09111',  'Nueva Imperial'),
(215, '09112',  'Padre Las Casas'),
(216, '09113',  'Perquenco'),
(217, '09114',  'Pitrufquén'),
(218, '09115',  'Pucón'),
(219, '09116',  'Saavedra'),
(220, '09117',  'Teodoro Schmidt'),
(221, '09118',  'Toltén'),
(222, '09119',  'Vilcún'),
(223, '09120',  'Villarrica'),
(224, '09121',  'Cholchol'),
(225, '09201',  'Angol'),
(226, '09202',  'Collipulli'),
(227, '09203',  'Curacautín'),
(228, '09204',  'Ercilla'),
(229, '09205',  'Lonquimay'),
(230, '09206',  'Los Sauces'),
(231, '09207',  'Lumaco'),
(232, '09208',  'Purén'),
(233, '09209',  'Renaico'),
(234, '09210',  'Traiguén'),
(235, '09211',  'Victoria'),
(236, '14101',  'Valdivia'),
(237, '14102',  'Corral'),
(238, '14103',  'Lanco'),
(239, '14104',  'Los Lagos'),
(240, '14105',  'Máfil'),
(241, '14106',  'Mariquina'),
(242, '14107',  'Paillaco'),
(243, '14108',  'Panguipulli'),
(244, '14201',  'La Unión'),
(245, '14202',  'Futrono'),
(246, '14203',  'Lago Ranco'),
(247, '14204',  'Río Bueno'),
(248, '10101',  'Puerto Montt'),
(249, '10102',  'Calbuco'),
(250, '10103',  'Cochamó'),
(251, '10104',  'Fresia'),
(252, '10105',  'Frutillar'),
(253, '10106',  'Los Muermos'),
(254, '10107',  'Llanquihue'),
(255, '10108',  'Maullín'),
(256, '10109',  'Puerto Varas'),
(257, '10201',  'Castro'),
(258, '10202',  'Ancud'),
(259, '10203',  'Chonchi'),
(260, '10204',  'Curaco de Vélez'),
(261, '10205',  'Dalcahue'),
(262, '10206',  'Puqueldón'),
(263, '10207',  'Queilén'),
(264, '10208',  'Quellón'),
(265, '10209',  'Quemchi'),
(266, '10210',  'Quinchao'),
(267, '10301',  'Osorno'),
(268, '10302',  'Puerto Octay'),
(269, '10303',  'Purranque'),
(270, '10304',  'Puyehue'),
(271, '10305',  'Río Negro'),
(272, '10306',  'San Juan de la Costa'),
(273, '10307',  'San Pablo'),
(274, '10401',  'Chaitén'),
(275, '10402',  'Futaleufú'),
(276, '10403',  'Hualaihué'),
(277, '10404',  'Palena'),
(278, '11101',  'Coihaique'),
(279, '11102',  'Lago Verde'),
(280, '11201',  'Aisén'),
(281, '11202',  'Cisnes'),
(282, '11203',  'Guaitecas '),
(283, '11301',  'Cochrane'),
(284, '11302',  'O\'Higgins'),
(285, '11303',  'Tortel'),
(286, '11401',  'Chile Chico'),
(287, '11402',  'Río Ibáñez'),
(288, '12101',  'Punta Arenas'),
(289, '12102',  'Laguna Blanca '),
(290, '12103',  'Río Verde'),
(291, '12104',  'San Gregorio'),
(292, '12201',  'Cabo de Hornos (Ex-Navarino)'),
(293, '12202',  'Antártica'),
(294, '12301',  'Porvenir'),
(295, '12302',  'Primavera'),
(296, '12303',  'Timaukel'),
(297, '12401',  'Natales'),
(298, '12402',  'Torres del Paine'),
(299, '13101',  'Santiago'),
(300, '13102',  'Cerrillos'),
(301, '13103',  'Cerro Navia'),
(302, '13104',  'Conchalí'),
(303, '13105',  'El Bosque'),
(304, '13106',  'Estación Central'),
(305, '13107',  'Huechuraba'),
(306, '13108',  'Independencia'),
(307, '13109',  'La Cisterna'),
(308, '13110',  'La Florida'),
(309, '13111',  'La Granja'),
(310, '13112',  'La Pintana'),
(311, '13113',  'La Reina'),
(312, '13114',  'Las Condes'),
(313, '13115',  'Lo Barnechea'),
(314, '13116',  'Lo Espejo'),
(315, '13117',  'Lo Prado'),
(316, '13118',  'Macul'),
(317, '13119',  'Maipú'),
(318, '13120',  'Ñuñoa'),
(319, '13121',  'Pedro  Aguirre Cerda'),
(320, '13122',  'Peñalolén'),
(321, '13123',  'Providencia'),
(322, '13124',  'Pudahuel'),
(323, '13125',  'Quilicura'),
(324, '13126',  'Quinta Normal'),
(325, '13127',  'Recoleta'),
(326, '13128',  'Renca'),
(327, '13129',  'San Joaquín'),
(328, '13130',  'San Miguel'),
(329, '13131',  'San Ramón'),
(330, '13132',  'Vitacura'),
(331, '13201',  'Puente Alto'),
(332, '13202',  'Pirque  '),
(333, '13203',  'San José de Maipo'),
(334, '13301',  'Colina  '),
(335, '13302',  'Lampa'),
(336, '13303',  'Tiltil'),
(337, '13401',  'San Bernardo'),
(338, '13402',  'Buin'),
(339, '13403',  'Calera de Tango'),
(340, '13404',  'Paine'),
(341, '13501',  'Melipilla'),
(342, '13502',  'Alhué'),
(343, '13503',  'Curacaví'),
(344, '13504',  'María Pinto '),
(345, '13505',  'San Pedro'),
(346, '13601',  'Talagante'),
(347, '13602',  'El Monte'),
(348, '13603',  'Isla de Maipo'),
(349, '13604',  'Padre Hurtado'),
(350, '13605',  'Peñaflor'),
(351, '99998',  'Comuna no codificable o desconocida'),
(352, '99999',  'Extranjero');

DROP TABLE IF EXISTS `st_nacionalidades`;
CREATE TABLE `st_nacionalidades` (
  `id` int(11) NOT NULL AUTO_INCREMENT,
  `codigo` int(11) DEFAULT NULL,
  `nombre` varchar(255) DEFAULT NULL,
  PRIMARY KEY (`id`)
) ENGINE=InnoDB DEFAULT CHARSET=utf8;

INSERT INTO `st_nacionalidades` (`id`, `codigo`, `nombre`) VALUES
(1, 4,  'Afganistán'),
(2, 248,  'Åland'),
(3, 8,  'Albania'),
(4, 276,  'Alemania'),
(5, 20, 'Andorra'),
(6, 24, 'Angola'),
(7, 660,  'Anguila'),
(8, 10, 'Antártida'),
(9, 28, 'Antigua y Barbuda'),
(10,  530,  'Antillas Neerlandesas'),
(11,  682,  'Arabia Saudita'),
(12,  12, 'Argelia'),
(13,  32, 'Argentina'),
(14,  51, 'Armenia'),
(15,  533,  'Aruba'),
(16,  36, 'Australia'),
(17,  40, 'Austria'),
(18,  31, 'Azerbaiyán'),
(19,  44, 'Bahamas'),
(20,  48, 'Bahréin'),
(21,  50, 'Bangladesh'),
(22,  52, 'Barbados'),
(23,  112,  'Bielorrusia'),
(24,  56, 'Belgium Bélgica'),
(25,  84, 'Belice'),
(26,  204,  'Benín'),
(27,  60, 'Bermudas'),
(28,  64, 'Bután'),
(29,  68, 'Bolivia'),
(30,  70, 'Bosnia y Herzegovina'),
(31,  72, 'Botsuana'),
(32,  74, 'Isla Bouvet'),
(33,  76, 'Brasil'),
(34,  96, 'Brunéi'),
(35,  100,  'Bulgaria'),
(36,  854,  'Burkina Faso'),
(37,  108,  'Burundi'),
(38,  132,  'Cabo Verde'),
(39,  136,  'Islas Caimán'),
(40,  116,  'Camboya'),
(41,  120,  'Camerún'),
(42,  124,  'Canadá'),
(43,  140,  'República Centroafricana'),
(44,  148,  'Chad'),
(45,  203,  'República Checa'),
(46,  152,  'Chile'),
(47,  156,  'China'),
(48,  196,  'Chipre'),
(49,  166,  'Islas Cocos'),
(50,  170,  'Colombia'),
(51,  174,  'Comoras'),
(52,  178,  'República del Congo'),
(53,  180,  'República Democrática del Con'),
(54,  184,  'Islas Cook'),
(55,  408,  'Corea del Norte'),
(56,  410,  'Corea del Sur'),
(57,  384,  'Costa de Marfil'),
(58,  188,  'Costa Rica'),
(59,  191,  'Croacia'),
(60,  192,  'Cuba'),
(61,  208,  'Dinamarca'),
(62,  212,  'Dominica'),
(63,  214,  'República Dominicana'),
(64,  218,  'Ecuador'),
(65,  818,  'Egipto'),
(66,  222,  'El Salvador'),
(67,  784,  'Emiratos Árabes Unidos'),
(68,  232,  'Eritrea'),
(69,  703,  'Eslovaquia'),
(70,  705,  'Eslovenia'),
(71,  724,  'España'),
(72,  840,  'Estados Unidos'),
(73,  581,  'Islas ultramarinas de Estados'),
(74,  233,  'Estonia'),
(75,  231,  'Etiopía'),
(76,  234,  'Islas Feroe'),
(77,  608,  'Filipinas'),
(78,  246,  'Finlandia'),
(79,  242,  'Fiyi'),
(80,  250,  'Francia'),
(81,  266,  'Gabón'),
(82,  270,  'Gambia'),
(83,  268,  'Georgia'),
(84,  239,  'Islas Georgias del Sur y Sand'),
(85,  288,  'Ghana'),
(86,  292,  'Gibraltar'),
(87,  308,  'Granada'),
(88,  300,  'Grecia'),
(89,  304,  'Groenlandia'),
(90,  312,  'Guadalupe'),
(91,  316,  'Guam'),
(92,  320,  'Guatemala'),
(93,  254,  'Guayana Francesa'),
(94,  831,  'Guernsey'),
(95,  324,  'Guinea'),
(96,  226,  'Guinea Ecuatorial'),
(97,  624,  'Guinea-Bissau'),
(98,  328,  'Guyana'),
(99,  332,  'Haití'),
(100, 334,  'Islas Heard y McDonald'),
(101, 340,  'Honduras'),
(102, 344,  'Hong Kong'),
(103, 348,  'Hungría'),
(104, 356,  'India'),
(105, 360,  'Indonesia'),
(106, 364,  'Irán'),
(107, 368,  'Iraq'),
(108, 372,  'Irlanda'),
(109, 352,  'Islandia'),
(110, 376,  'Israel'),
(111, 380,  'Italia'),
(112, 388,  'Jamaica'),
(113, 392,  'Japón'),
(114, 832,  'Jersey'),
(115, 400,  'Jordania'),
(116, 398,  'Kazajistán'),
(117, 404,  'Kenia'),
(118, 417,  'Kirguistán'),
(119, 296,  'Kiribati'),
(120, 414,  'Kuwait'),
(121, 418,  'Laos'),
(122, 426,  'Lesoto'),
(123, 428,  'Letonia'),
(124, 422,  'Líbano'),
(125, 430,  'Liberia'),
(126, 434,  'Libia'),
(127, 438,  'Liechtenstein'),
(128, 440,  'Lituania'),
(129, 442,  'Luxemburgo'),
(130, 446,  'Macao'),
(131, 807,  'ARY Macedonia'),
(132, 450,  'Madagascar'),
(133, 458,  'Malasia'),
(134, 454,  'Malawi'),
(135, 462,  'Maldivas'),
(136, 466,  'Malí'),
(137, 470,  'Malta'),
(138, 238,  'Islas Malvinas'),
(139, 833,  'Isla de Man'),
(140, 580,  'Islas Marianas del Norte'),
(141, 504,  'Marruecos'),
(142, 584,  'Islas Marshall'),
(143, 474,  'Martinica'),
(144, 480,  'Mauricio'),
(145, 478,  'Mauritania'),
(146, 175,  'Mayotte'),
(147, 484,  'México'),
(148, 583,  'Micronesia'),
(149, 498,  'Moldavia'),
(150, 492,  'Mónaco'),
(151, 496,  'Mongolia'),
(152, 499,  'Montenegro'),
(153, 500,  'Montserrat'),
(154, 508,  'Mozambique'),
(155, 104,  'Myanmar'),
(156, 516,  'Namibia'),
(157, 520,  'Nauru'),
(158, 162,  'Isla de Navidad'),
(159, 524,  'Nepal'),
(160, 558,  'Nicaragua'),
(161, 562,  'Niger Níger'),
(162, 566,  'Nigeria'),
(163, 570,  'Niue'),
(164, 574,  'Norfolk'),
(165, 578,  'Noruega'),
(166, 540,  'Nueva Caledonia'),
(167, 554,  'Nueva Zelanda'),
(168, 512,  'Omán'),
(169, 528,  'Países Bajos'),
(170, 586,  'Pakistán'),
(171, 585,  'Palaos'),
(172, 275,  'Palestina (ANP)'),
(173, 591,  'Panamá'),
(174, 598,  'Papúa Nueva Guinea'),
(175, 600,  'Paraguay'),
(176, 604,  'Perú'),
(177, 612,  'Islas Pitcairn'),
(178, 258,  'Polinesia Francesa'),
(179, 616,  'Polonia'),
(180, 620,  'Portugal'),
(181, 630,  'Puerto Rico'),
(182, 634,  'Qatar'),
(183, 826,  'Reino Unido'),
(184, 638,  'Reunión'),
(185, 646,  'Ruanda'),
(186, 642,  'Rumania'),
(187, 643,  'Rusia'),
(188, 732,  'Sahara Occidental'),
(189, 90, 'Islas Salomón'),
(190, 882,  'Samoa'),
(191, 16, 'Samoa Americana'),
(192, 659,  'San Cristóbal y Nieves'),
(193, 674,  'San Marino'),
(194, 666,  'San Pedro y Miquelón'),
(195, 670,  'San Vicente y las Granadinas'),
(196, 654,  'Santa Helena'),
(197, 662,  'Santa Lucía'),
(198, 678,  'Santo Tomé y Príncipe'),
(199, 686,  'Senegal'),
(200, 688,  'Serbia'),
(201, 690,  'Seychelles'),
(202, 694,  'Sierra Leona'),
(203, 702,  'Singapur'),
(204, 760,  'Siria'),
(205, 706,  'Somalia'),
(206, 144,  'Sri Lanka'),
(207, 748,  'Suazilandia'),
(208, 710,  'Sudáfrica'),
(209, 736,  'Sudán'),
(210, 752,  'Suecia'),
(211, 756,  'Switzerland Suiza'),
(212, 740,  'Surinam'),
(213, 744,  'Svalbard y Jan Mayen'),
(214, 764,  'Tailandia'),
(215, 158,  'Taiwán'),
(216, 834,  'Tanzania'),
(217, 762,  'Tayikistán'),
(218, 86, 'Territorio Británico del Océano Índico'),
(219, 260,  'Territorios Australes Frances'),
(220, 626,  'Timor Oriental'),
(221, 768,  'Togo'),
(222, 772,  'Tokelau'),
(223, 776,  'Tonga'),
(224, 780,  'Trinidad y Tobago'),
(225, 788,  'Túnez'),
(226, 796,  'Islas Turcas y Caicos'),
(227, 795,  'Turkmenistán'),
(228, 792,  'Turquía'),
(229, 798,  'Tuvalu'),
(230, 804,  'Ucrania'),
(231, 800,  'Uganda'),
(232, 858,  'Uruguay'),
(233, 860,  'Uzbekistán'),
(234, 548,  'Vanuatu'),
(235, 336,  'the Vatican City Ciudad del Vaticano'),
(236, 862,  'Venezuela'),
(237, 704,  'Vietnam'),
(238, 92, 'Islas Vírgenes Británicas'),
(239, 850,  'Islas Vírgenes Estadounidense'),
(240, 876,  'Wallis y Futuna'),
(241, 887,  'Yemen'),
(242, 262,  'Yibuti'),
(243, 894,  'Zambia'),
(244, 716,  'Zimbabue');

DROP TABLE IF EXISTS `tipo_evento`;
CREATE TABLE `tipo_evento` (
  `TIPO_EVENTO_ID` varchar(1) CHARACTER SET latin1 COLLATE latin1_general_ci NOT NULL COMMENT 'Código del tipo de evento.',
  `DESCRIPCION` varchar(255) NOT NULL COMMENT 'Descripción del tipo de evento.',
  PRIMARY KEY (`TIPO_EVENTO_ID`)
) ENGINE=InnoDB DEFAULT CHARSET=utf8 COMMENT='Dominio: tipo de evento asociado a un caso.';

INSERT INTO `tipo_evento` (`TIPO_EVENTO_ID`, `DESCRIPCION`) VALUES
('1', 'Enfermedad Profesional'),
('2', 'Accidente Laboral'),
('3', 'Accidente Trayecto');

DROP TABLE IF EXISTS `tipo_xml`;
CREATE TABLE `tipo_xml` (
  `TPXML_ID` int(11) NOT NULL AUTO_INCREMENT COMMENT 'Identifica de forma única el registro.',
  `NOMBRE` varchar(255) DEFAULT NULL COMMENT 'Nombre del documento.',
  `XMLSTRING` longtext COMMENT 'Plantilla XML.',
  `DESCRIPCION` varchar(255) DEFAULT NULL COMMENT 'Describe el tipo de documento.',
  `XSD` varchar(100) NOT NULL COMMENT 'Nombre del archivo XSD usado para validar el documento.',
  PRIMARY KEY (`TPXML_ID`)
) ENGINE=InnoDB DEFAULT CHARSET=utf8 COMMENT='Dominio: tipos de XML.';

INSERT INTO `tipo_xml` (`TPXML_ID`, `NOMBRE`, `XMLSTRING`, `DESCRIPCION`, `XSD`) VALUES
(1, 'DIAT OA',  NULL, 'Denuncia Individual de Accidente del Trabajo consolidada por el Organismo Administrador.', 'SIATEP_DIAT_OA_1.0.xsd'),
(2, 'DIEP OA',  NULL, 'Denuncia Individual de Enfermedad Profesional consolidada por el Organismo Administrador.',  'SIATEP_DIEP_OA_1.0.xsd'),
(3, 'DIAT EM',  NULL, 'Denuncia Individual de Accidente del Trabajo realizada por el Empleador.', 'SIATEP_DIAT_EM_1.0.xsd'),
(4, 'DIEP EM',  NULL, 'Denuncia Individual de Enfermedad Profesional realizada por el Empleador.',  'SIATEP_DIEP_EM_1.0.xsd'),
(5, 'DIAT OT',  NULL, 'Denuncia Individual de Accidente del Trabajo realizada por un tercero.', 'SIATEP_DIAT_OT_1.0.xsd'),
(6, 'DIEP OT',  NULL, 'Denuncia Individual de Enfermedad Profesional realizada por un tercero.',  'SIATEP_DIEP_OT_1.0.xsd'),
(7, 'RECA', NULL, 'Resolución de Calificación.',  'SIATEP_RECA_1.0.xsd'),
(8, 'RELA', NULL, 'Reposo Laboral.',  'SIATEP_RELA_1.0.xsd'),
(9, 'ALLA', NULL, 'Alta Laboral.',  'SIATEP_ALLA_1.0.xsd'),
(10,  'ALME', NULL, 'Alta Médica.', 'SIATEP_ALME_1.0.xsd'),
(11,  'REIP', NULL, 'Resolución de Incapacidad Permanente.',  'SIATEP_REIP_1.0.xsd'),
(12,  'RALF1',  NULL, '(RALF) Notificación provisoria inmediata accidente laboral fatal\n', 'SISESAT_RALF_1.1.0.xsd'),
(13,  'RALF2',  NULL, '(RALF) Medidas inmediatas',  'SISESAT_RALF_Medidas.1.0.xsd'),
(14,  'RALF3',  NULL, '(RALF) Informe del accidente (causas y medidas correctivas)',  'SISESAT_RALF_3.1.0.xsd'),
(15,  'RALF4',  NULL, '(RALF) Informe cumplimiento medidas prescritas', 'SISESAT_RALF_4.1.0.xsd'),
(16,  'RALF5',  NULL, '(RALF) Informe de acciones adoptadas', 'SISESAT_RALF_5.1.0.xsd');

DROP TABLE IF EXISTS `trabajador`;
CREATE TABLE `trabajador` (
  `tra_id` int(11) NOT NULL AUTO_INCREMENT COMMENT 'Identifica unívocamente este registro.',
  `fuente_informacion` enum('denuncia','tabla_perm') DEFAULT NULL COMMENT 'Fuente de la información de este registro.',
  `apellido_paterno` varchar(100) DEFAULT NULL COMMENT 'Apellido paterno del trabajador.',
  `apellido_materno` varchar(100) DEFAULT NULL COMMENT 'Apellido materno del trabajador.',
  `nombres` varchar(100) DEFAULT NULL COMMENT 'Nombres del trabajador.',
  `rut` varchar(15) DEFAULT NULL COMMENT 'Rut del trabajador.',
  `fecha_nacimiento` date DEFAULT NULL COMMENT 'Fecha de nacimiento del trabajador.',
  `edad` varchar(10) DEFAULT NULL COMMENT 'Edad del trabajador.',
  `sexo` varchar(10) DEFAULT NULL COMMENT 'Sexo del trabajador.',
  `pais_nacionalidad` varchar(10) DEFAULT NULL COMMENT 'País de nacionalidad del trabajador.',
  `codigo_etnia` varchar(10) DEFAULT NULL COMMENT 'Código de etnia del trabajador.',
  `etnia_otro` varchar(10) DEFAULT NULL COMMENT 'Etnia del trabajador, si no está especificada en codigo_etnia.',
  `tipo_calle` int(11) DEFAULT NULL COMMENT 'Tipo de calle de dirección del trabajador.',
  `nombre_calle` varchar(100) DEFAULT NULL COMMENT 'Nombre de calle de dirección del trabajador.',
  `numero` varchar(10) DEFAULT NULL COMMENT 'Número de dirección del trabajador.',
  `localidad` varchar(100) DEFAULT NULL COMMENT 'Localidad de dirección del trabajador.',
  `comuna` varchar(10) DEFAULT NULL COMMENT 'Comuna de dirección del trabajador.',
  `resto_direccion` varchar(100) DEFAULT NULL COMMENT 'Resto de dirección del trabajador.',
  `profesion_trabajador` varchar(100) DEFAULT NULL COMMENT 'Profesión del trabajador.',
  `ciuo_trabajador` varchar(10) DEFAULT NULL COMMENT 'Código de ocupación del trabajador.',
  `categoria_ocupacion` varchar(10) DEFAULT NULL COMMENT 'Categoría de la ocupación del trabajador.',
  `duracion_contrato` varchar(10) DEFAULT NULL COMMENT 'Tipo de duración de contrato del trabajador.',
  `tipo_dependencia` varchar(10) DEFAULT NULL COMMENT 'Tipo de dependencia del trabajador.',
  `tipo_remuneracion` varchar(10) DEFAULT NULL COMMENT 'Tipo de remuneración del trabajador.',
  `numero_telefono` varchar(15) DEFAULT NULL COMMENT 'Número de teléfono del trabajador.',
  `cod_area` varchar(10) DEFAULT NULL COMMENT 'Código de área del teléfono del trabajador.',
  `cod_pais` varchar(10) DEFAULT NULL COMMENT 'Código de país del teléfono del trabajador.',
  `fecha_ingreso` date DEFAULT NULL COMMENT 'Fecha de ingreso al trabajo.',
  `clasificacion_trabajador` varchar(10) DEFAULT NULL COMMENT 'Tipo de clasificación del trabajador.',
  `sistema_comun` varchar(10) DEFAULT NULL COMMENT 'Clasificación del sistema de salud común del trabajador.',
  PRIMARY KEY (`tra_id`)
) ENGINE=InnoDB DEFAULT CHARSET=utf8 COMMENT='Datos de trabajador asociados al caso.';


DROP TABLE IF EXISTS `user_tokens`;
CREATE TABLE `user_tokens` (
  `id` int(11) unsigned NOT NULL AUTO_INCREMENT,
  `user_id` int(11) unsigned NOT NULL,
  `user_agent` varchar(40) NOT NULL,
  `token` varchar(40) NOT NULL,
  `type` varchar(100) NOT NULL,
  `created` int(10) unsigned NOT NULL,
  `expires` int(10) unsigned NOT NULL,
  PRIMARY KEY (`id`),
  UNIQUE KEY `uniq_token` (`token`),
  KEY `fk_user_id` (`user_id`)
) ENGINE=InnoDB DEFAULT CHARSET=utf8 COMMENT='Tokens que permiten la autenticación automática de usuarios.';


DROP TABLE IF EXISTS `users`;
CREATE TABLE `users` (
  `id` int(11) unsigned NOT NULL AUTO_INCREMENT COMMENT 'Identificador único del registro.',
  `email` varchar(254) NOT NULL COMMENT 'Correo electrónico del usuario.',
  `name` varchar(255) DEFAULT NULL COMMENT 'Nombre de la persona.',
  `username` varchar(32) NOT NULL DEFAULT '' COMMENT 'Nombre de usuario.',
  `password` varchar(64) NOT NULL COMMENT 'Contraseña (hasheada).',
  `logins` int(10) unsigned NOT NULL DEFAULT '0' COMMENT 'Número de ingresos al sistema.',
  `last_login` int(10) unsigned DEFAULT NULL COMMENT 'Timestamp de último ingreso al sistema.',
  `forgotten_password_code` varchar(255) DEFAULT NULL COMMENT 'Código de validación para recuperar password: caducidad@hash.',
  `forgotten_password_request` int(11) DEFAULT NULL COMMENT 'Número de veces que ha intentado recuperar la password.',
  `region_id` int(11) DEFAULT NULL,
  PRIMARY KEY (`id`),
  UNIQUE KEY `uniq_username` (`username`),
  UNIQUE KEY `uniq_email` (`email`),
  KEY `region_id` (`region_id`),
  CONSTRAINT `users_ibfk_1` FOREIGN KEY (`region_id`) REFERENCES `region` (`id`)
) ENGINE=InnoDB DEFAULT CHARSET=utf8 COMMENT='Usuarios del SIAP.';

INSERT INTO `users` (`id`, `email`, `name`, `username`, `password`, `logins`, `last_login`, `forgotten_password_code`, `forgotten_password_request`, `region_id`) VALUES
(1, 'jperez@binarybag.com', 'Jaime Perez',  'jperez', '9d84a4020a86468b4d064de4a47885fade6880161f1492f98962c39541c5118d', 754,  1403034555, NULL, 40, 13),
(2, 'operador+jperez@binarybag.com',  'Operador Isl', 'usuarioralf',  '9d84a4020a86468b4d064de4a47885fade6880161f1492f98962c39541c5118d', 766,  1403535043, NULL, 40, 13),
(3, 'gmontecinosf+fhurtadov@isl.gob.cl',  'Grace Montecinos', 'gmontecinosf', '', 766,  1403535043, NULL, 40, NULL),
(4, 'stellot+fhurtadov@isl.gob.cl', 'Sergio Tello', 'stellot',  '', 766,  1403535043, NULL, 40, 15),
(5, 'jriverar+fhurtadov@isl.gob.cl',  'José Luis Rivera', 'jriverar', '', 766,  1403535043, NULL, 40, 1),
(6, 'rrodriguezv+fhurtadov@isl.gob.cl', 'Ruth Rodríguez', 'rrodriguezv',  '', 766,  1403535043, NULL, 40, 2),
(7, 'mbordoliv+fhurtadov@isl.gob.cl', 'Marcelo Bordoli',  'mbordoliv',  '', 766,  1403535043, NULL, 40, 3),
(8, 'mvargass+fhurtadov@isl.gob.cl',  'Mauricio Vargas',  'mvargass', '', 766,  1403535043, NULL, 40, 4),
(9, 'csalinar+fhurtadov@isl.gob.cl',  'Claudio Salinas',  'csalinar', '', 766,  1403535043, NULL, 40, 5),
(10,  'dgaticac+fhurtadov@isl.gob.cl',  'Dieter Gatica',  'dgaticac', '', 766,  1403535043, NULL, 40, 13),
(11,  'acampusanov+fhurtadov@isl.gob.cl', 'Adolfo Campusano', 'acampusanov',  '', 766,  1403535043, NULL, 40, 13),
(12,  'dmoranv+fhurtadov@isl.gob.cl', 'Daniela Morán',  'dmoranv',  '', 766,  1403535043, NULL, 40, 6),
(13,  'fjaraa+fhurtadov@isl.gob.cl',  'Felipe Jara',  'fjaraa', '', 766,  1403535043, NULL, 40, 7),
(14,  'aromeror+fhurtadov@isl.gob.cl',  'Aléxis Romero',  'aromeror', '', 766,  1403535043, NULL, 40, 8),
(15,  'cbarrientosd+fhurtadov@isl.gob.cl',  'Claudia Barrientos', 'cbarrientosd', '', 766,  1403535043, NULL, 40, 9),
(16,  'melguetab+fhurtadov@isl.gob.cl', 'María Pilar Elgueta',  'melguetab',  '', 766,  1403535043, NULL, 40, 10),
(17,  'rgonzaleza+fhurtadov@isl.gob.cl',  'Rodrigo González', 'rgonzaleza', '', 766,  1403535043, NULL, 40, 14),
(18,  'msotoh+fhurtadov@isl.gob.cl',  'Manuel Soto',  'msotoh', '', 766,  1403535043, NULL, 40, 11),
(19,  'rojedag+fhurtadov@isl.gob.cl', 'Ruben Ojeda',  'rojedag',  '', 766,  1403535043, NULL, 40, 12),
(20,  'fhurtadov+fhurtadov@isl.gob.cl', 'Fredy hurtado',  'fhurtadov',  '', 766,  1403535043, NULL, 40, 13),
(21,  'admin_ralf+fhurtadov@isl.gob.cl',  'Administrador',  'admin_ralf', '', 766,  1403535043, NULL, 40, NULL);

DROP TABLE IF EXISTS `xml`;
CREATE TABLE `xml` (
  `XML_ID` int(11) NOT NULL AUTO_INCREMENT COMMENT 'Identifica de forma única el registro.',
  `XMLSTRING_ID` int(11) NOT NULL COMMENT 'Identificador del registro que guarda el texto mismo del XML.',
  `ESTADO` varchar(1) NOT NULL COMMENT 'Estado XML, definido en dominio_estado_xml.',
  `CASO_ID` int(11) NOT NULL COMMENT 'Caso al que pertenece el xml.',
  `TPXML_ID` int(11) NOT NULL COMMENT 'Tipo de xml, definido en tipo_xml.',
  `FECHA_CREACION` timestamp NOT NULL DEFAULT CURRENT_TIMESTAMP COMMENT 'Fecha y hora de creación.',
  `VALIDO` varchar(1) NOT NULL COMMENT 'Validez del xml, definido en dominio_xml_valido.',
  `codigo_retorno` varchar(11) DEFAULT NULL COMMENT 'Código retornado por SISESAT en último intento de envío.',
  `retorno_completo` text COMMENT 'Texto completo retornado por SISESAT en último intento de envío.',
  `XML_ID_ORIGEN` int(11) DEFAULT NULL COMMENT 'Identificador del xml desde el cual se creó un xml distinto.',
  `xmlstring_origen` varchar(20) DEFAULT NULL COMMENT 'xmlstring original al realizarse corrección de fechas de diagnósticos',
  PRIMARY KEY (`XML_ID`),
  KEY `CASO_ID` (`CASO_ID`),
  KEY `tipo_xml_xml_fk` (`TPXML_ID`),
  KEY `estado_xml_fk` (`ESTADO`),
  KEY `valido_xml_fk` (`VALIDO`),
  KEY `xmlstring_xml_fk` (`XMLSTRING_ID`),
  CONSTRAINT `caso_xml_fk` FOREIGN KEY (`CASO_ID`) REFERENCES `caso` (`CASO_ID`),
  CONSTRAINT `estado_xml_fk` FOREIGN KEY (`ESTADO`) REFERENCES `estado_xml` (`ESTADO_ID`),
  CONSTRAINT `tipo_xml_xml_fk` FOREIGN KEY (`TPXML_ID`) REFERENCES `tipo_xml` (`TPXML_ID`),
  CONSTRAINT `valido_xml_fk` FOREIGN KEY (`VALIDO`) REFERENCES `xml_valido` (`XML_VALIDO_ID`),
  CONSTRAINT `xmlstring_xml_fk` FOREIGN KEY (`XMLSTRING_ID`) REFERENCES `xmlstring` (`XMLSTRING_ID`)
) ENGINE=InnoDB DEFAULT CHARSET=utf8 COMMENT='Datos de documentos XML pertenecientes a los casos.';


DROP TABLE IF EXISTS `xml_valido`;
CREATE TABLE `xml_valido` (
  `XML_VALIDO_ID` varchar(1) NOT NULL COMMENT 'Código de validez del documento XML.',
  `DESCRIPCION` varchar(20) NOT NULL COMMENT 'Descripción del tipo de validez del documento XML.',
  PRIMARY KEY (`XML_VALIDO_ID`)
) ENGINE=InnoDB DEFAULT CHARSET=utf8 COMMENT='Dominio: validez de documento electrónico XML.';

INSERT INTO `xml_valido` (`XML_VALIDO_ID`, `DESCRIPCION`) VALUES
('0', 'INVALIDO'),
('1', 'VALIDO');

DROP TABLE IF EXISTS `xmlstring`;
CREATE TABLE `xmlstring` (
  `XMLSTRING_ID` int(11) NOT NULL AUTO_INCREMENT COMMENT 'Identifica de forma única el registro.',
  `XMLSTRING` longtext NOT NULL COMMENT 'XML.',
  `ZONA_G` longtext COMMENT 'ZONA_G RECA, sin cifrar.',
  PRIMARY KEY (`XMLSTRING_ID`)
) ENGINE=InnoDB DEFAULT CHARSET=utf8 COMMENT='Almacena documento XML.';


-- 2014-07-17 04:02:03

DROP TABLE IF EXISTS `causa_medida_correctiva`;
CREATE TABLE `causa_medida_correctiva` (
  `id` int(11) NOT NULL AUTO_INCREMENT,
  `causa_medida_plazo_id` varchar(255) DEFAULT NULL,
  `causa_medida_plazo_causa` varchar(255) DEFAULT NULL,
  `causa_medida_plazo_medida` varchar(255) DEFAULT NULL,
  `causa_medida_plazo_plazo` varchar(255) DEFAULT NULL,
  `xml_id` int(11) DEFAULT NULL,
  PRIMARY KEY (`id`),
  KEY `xml_id` (`xml_id`),
  CONSTRAINT `causa_medida_correctiva_ibfk_1` FOREIGN KEY (`xml_id`) REFERENCES `xml` (`XML_ID`)
) ENGINE=InnoDB DEFAULT CHARSET=latin1;
